,cluster
0,2
1,2
2,2
3,2
4,2
5,2
6,2
7,2
8,2
9,2
10,2
11,2
12,2
13,2
14,2
15,2
16,2
17,2
18,2
19,2
20,2
21,2
22,2
23,2
24,2
25,2
26,2
27,2
28,2
29,2
30,2
31,2
32,2
33,2
34,2
35,2
36,2
37,2
38,2
39,2
40,2
41,2
42,2
43,2
44,2
45,2
46,2
47,2
48,2
49,2
50,2
51,2
52,2
53,2
54,2
55,2
56,2
57,2
58,2
59,2
60,2
61,2
62,2
63,2
64,2
65,2
66,2
67,2
68,2
69,2
70,2
71,2
72,2
73,2
74,2
75,2
76,2
77,2
78,2
79,2
80,2
81,2
82,2
83,2
84,2
85,2
86,2
87,2
88,2
89,2
90,2
91,2
92,2
93,2
94,2
95,2
96,2
97,2
98,2
99,2
100,2
101,2
102,2
103,2
104,2
105,2
106,2
107,0
108,2
109,2
110,2
111,2
112,2
113,2
114,2
115,1
116,2
117,2
118,2
119,2
120,2
121,2
122,2
123,2
124,2
125,2
126,0
127,2
128,2
129,8
130,2
131,2
132,2
133,2
134,2
135,2
136,2
137,2
138,2
139,2
140,2
141,2
142,2
143,2
144,2
145,2
146,2
147,2
148,2
149,2
150,2
151,2
152,2
153,2
154,2
155,2
156,2
157,2
158,2
159,2
160,2
161,2
162,2
163,2
164,2
165,2
166,2
167,2
168,2
169,2
170,2
171,2
172,2
173,2
174,2
175,2
176,2
177,2
178,2
179,2
180,2
181,2
182,2
183,2
184,2
185,2
186,2
187,2
188,2
189,2
190,2
191,2
192,2
193,2
194,2
195,2
196,2
197,2
198,2
199,2
200,2
201,2
202,2
203,2
204,2
205,2
206,2
207,2
208,2
209,2
210,2
211,2
212,2
213,2
214,2
215,2
216,2
217,2
218,2
219,2
220,2
221,2
222,2
223,2
224,2
225,2
226,2
227,2
228,2
229,2
230,2
231,8
232,2
233,2
234,2
235,2
236,2
237,2
238,2
239,2
240,2
241,2
242,2
243,2
244,2
245,2
246,2
247,7
248,2
249,2
250,2
251,2
252,2
253,2
254,2
255,2
256,2
257,2
258,0
259,2
260,2
261,2
262,2
263,2
264,2
265,2
266,2
267,2
268,2
269,2
270,2
271,2
272,2
273,2
274,2
275,2
276,2
277,2
278,2
279,2
280,2
281,2
282,2
283,2
284,2
285,2
286,2
287,2
288,2
289,2
290,3
291,3
292,3
293,3
294,3
295,3
296,3
297,3
298,3
299,1
300,3
301,3
302,3
303,3
304,0
305,3
306,3
307,3
308,3
309,3
310,1
311,3
312,3
313,3
314,3
315,3
316,3
317,3
318,3
319,0
320,3
321,1
322,3
323,3
324,3
325,3
326,3
327,3
328,3
329,3
330,3
331,3
332,3
333,3
334,3
335,3
336,3
337,3
338,3
339,3
340,3
341,3
342,3
343,1
344,3
345,3
346,3
347,3
348,3
349,3
350,3
351,3
352,3
353,3
354,3
355,3
356,3
357,3
358,3
359,3
360,3
361,3
362,3
363,3
364,3
365,3
366,3
367,3
368,3
369,3
370,3
371,3
372,3
373,3
374,3
375,7
376,3
377,3
378,3
379,1
380,3
381,3
382,3
383,3
384,3
385,3
386,1
387,3
388,3
389,3
390,3
391,3
392,3
393,3
394,3
395,3
396,3
397,3
398,3
399,3
400,3
401,3
402,5
403,3
404,3
405,3
406,3
407,3
408,3
409,3
410,3
411,3
412,3
413,3
414,3
415,3
416,3
417,3
418,3
419,3
420,3
421,3
422,3
423,3
424,3
425,3
426,3
427,3
428,5
429,3
430,3
431,3
432,5
433,3
434,3
435,3
436,3
437,3
438,3
439,3
440,3
441,3
442,3
443,3
444,3
445,3
446,3
447,3
448,3
449,3
450,3
451,3
452,3
453,3
454,3
455,3
456,3
457,3
458,3
459,3
460,3
461,3
462,7
463,3
464,3
465,3
466,3
467,0
468,3
469,3
470,3
471,3
472,3
473,3
474,3
475,3
476,3
477,3
478,3
479,3
480,3
481,3
482,3
483,3
484,3
485,3
486,3
487,3
488,3
489,3
490,3
491,3
492,3
493,3
494,3
495,3
496,3
497,3
498,3
499,3
500,3
501,3
502,3
503,5
504,3
505,3
506,3
507,3
508,3
509,3
510,3
511,1
512,5
513,3
514,3
515,3
516,3
517,3
518,3
519,3
520,3
521,3
522,3
523,3
524,3
525,3
526,0
527,3
528,3
529,3
530,3
531,3
532,3
533,3
534,3
535,3
536,3
537,3
538,3
539,3
540,3
541,3
542,3
543,3
544,3
545,3
546,3
547,3
548,3
549,3
550,3
551,3
552,3
553,3
554,3
555,3
556,3
557,3
558,3
559,3
560,3
561,3
562,3
563,3
564,3
565,7
566,3
567,3
568,3
569,3
570,2
571,3
572,3
573,3
574,3
575,3
576,3
577,3
578,8
579,3
580,6
581,3
582,3
583,3
584,3
585,3
586,3
587,3
588,3
589,3
590,3
591,3
592,7
593,3
594,3
595,3
596,3
597,3
598,7
599,3
600,3
601,3
602,3
603,3
604,3
605,3
606,3
607,3
608,3
609,3
610,3
611,3
612,3
613,3
614,3
615,3
616,3
617,3
618,3
619,3
620,3
621,3
622,3
623,3
624,3
625,3
626,3
627,1
628,3
629,3
630,3
631,3
632,3
633,3
634,3
635,3
636,3
637,3
638,3
639,3
640,3
641,3
642,3
643,3
644,3
645,3
646,3
647,3
648,3
649,3
650,3
651,3
652,3
653,3
654,4
655,3
656,3
657,5
658,1
659,3
660,3
661,3
662,3
663,3
664,3
665,3
666,3
667,3
668,3
669,3
670,3
671,3
672,3
673,3
674,3
675,3
676,3
677,3
678,3
679,3
680,0
681,0
682,0
683,0
684,0
685,0
686,3
687,0
688,0
689,0
690,0
691,0
692,0
693,0
694,0
695,3
696,0
697,0
698,2
699,0
700,0
701,2
702,0
703,0
704,1
705,0
706,0
707,0
708,0
709,3
710,3
711,3
712,3
713,3
714,0
715,7
716,0
717,0
718,0
719,0
720,3
721,0
722,3
723,2
724,0
725,3
726,0
727,0
728,3
729,3
730,3
731,3
732,3
733,3
734,3
735,0
736,3
737,3
738,3
739,0
740,3
741,3
742,3
743,3
744,3
745,3
746,0
747,0
748,0
749,0
750,0
751,0
752,5
753,0
754,0
755,0
756,0
757,0
758,0
759,3
760,8
761,0
762,0
763,0
764,0
765,0
766,0
767,0
768,2
769,0
770,0
771,0
772,0
773,5
774,0
775,1
776,0
777,0
778,0
779,7
780,0
781,0
782,0
783,0
784,0
785,2
786,0
787,0
788,0
789,0
790,0
791,0
792,0
793,0
794,0
795,0
796,0
797,0
798,0
799,8
800,0
801,0
802,8
803,0
804,8
805,0
806,0
807,8
808,0
809,0
810,0
811,0
812,8
813,0
814,0
815,0
816,0
817,0
818,0
819,0
820,0
821,0
822,0
823,0
824,0
825,0
826,0
827,0
828,0
829,0
830,0
831,0
832,8
833,0
834,0
835,6
836,0
837,8
838,0
839,0
840,0
841,0
842,0
843,0
844,1
845,0
846,0
847,0
848,0
849,0
850,0
851,0
852,0
853,3
854,0
855,0
856,0
857,0
858,2
859,0
860,0
861,0
862,0
863,0
864,0
865,0
866,0
867,0
868,0
869,8
870,0
871,0
872,0
873,0
874,0
875,0
876,0
877,0
878,0
879,0
880,0
881,0
882,0
883,0
884,0
885,0
886,0
887,0
888,0
889,0
890,8
891,0
892,0
893,0
894,0
895,0
896,0
897,0
898,0
899,0
900,0
901,0
902,0
903,0
904,0
905,0
906,0
907,0
908,0
909,0
910,0
911,0
912,0
913,0
914,0
915,0
916,0
917,0
918,0
919,0
920,0
921,0
922,0
923,0
924,0
925,0
926,0
927,0
928,0
929,0
930,0
931,0
932,0
933,0
934,2
935,0
936,0
937,0
938,0
939,0
940,0
941,0
942,0
943,0
944,0
945,0
946,0
947,0
948,0
949,0
950,0
951,0
952,0
953,0
954,0
955,0
956,0
957,0
958,0
959,0
960,0
961,0
962,0
963,0
964,0
965,0
966,0
967,0
968,0
969,0
970,0
971,0
972,0
973,0
974,0
975,0
976,0
977,0
978,0
979,0
980,0
981,0
982,0
983,0
984,0
985,0
986,0
987,0
988,0
989,0
990,0
991,0
992,0
993,0
994,0
995,0
996,0
997,0
998,0
999,0
1000,0
1001,2
1002,0
1003,0
1004,0
1005,0
1006,0
1007,0
1008,0
1009,0
1010,0
1011,0
1012,0
1013,0
1014,0
1015,0
1016,0
1017,0
1018,0
1019,0
1020,0
1021,0
1022,0
1023,0
1024,0
1025,0
1026,0
1027,0
1028,0
1029,0
1030,0
1031,0
1032,0
1033,0
1034,0
1035,0
1036,0
1037,0
1038,0
1039,0
1040,0
1041,0
1042,0
1043,0
1044,0
1045,0
1046,0
1047,0
1048,3
1049,0
1050,0
1051,0
1052,0
1053,0
1054,0
1055,0
1056,0
1057,0
1058,0
1059,0
1060,0
1061,0
1062,0
1063,0
1064,0
1065,0
1066,0
1067,0
1068,0
1069,0
1070,0
1071,0
1072,0
1073,0
1074,0
1075,0
1076,0
1077,0
1078,0
1079,0
1080,0
1081,0
1082,0
1083,0
1084,0
1085,0
1086,0
1087,0
1088,0
1089,0
1090,0
1091,0
1092,0
1093,0
1094,8
1095,0
1096,0
1097,0
1098,0
1099,0
1100,0
1101,0
1102,0
1103,0
1104,0
1105,0
1106,0
1107,0
1108,0
1109,3
1110,0
1111,0
1112,0
1113,0
1114,0
1115,0
1116,0
1117,0
1118,0
1119,0
1120,0
1121,0
1122,0
1123,0
1124,0
1125,2
1126,0
1127,0
1128,0
1129,0
1130,0
1131,0
1132,0
1133,0
1134,0
1135,0
1136,0
1137,0
1138,0
1139,0
1140,0
1141,0
1142,0
1143,8
1144,0
1145,0
1146,0
1147,0
1148,0
1149,0
1150,0
1151,0
1152,0
1153,0
1154,0
1155,0
1156,0
1157,0
1158,0
1159,0
1160,0
1161,0
1162,0
1163,0
1164,0
1165,0
1166,0
1167,0
1168,0
1169,0
1170,0
1171,0
1172,0
1173,0
1174,0
1175,0
1176,0
1177,0
1178,0
1179,0
1180,0
1181,0
1182,0
1183,0
1184,0
1185,0
1186,0
1187,0
1188,0
1189,0
1190,0
1191,0
1192,0
1193,0
1194,0
1195,0
1196,0
1197,0
1198,0
1199,0
1200,0
1201,0
1202,0
1203,0
1204,0
1205,0
1206,0
1207,0
1208,0
1209,0
1210,0
1211,0
1212,8
1213,0
1214,0
1215,0
1216,0
1217,0
1218,0
1219,0
1220,0
1221,0
1222,0
1223,0
1224,0
1225,0
1226,0
1227,0
1228,3
1229,0
1230,0
1231,0
1232,0
1233,0
1234,0
1235,0
1236,0
1237,0
1238,0
1239,0
1240,2
1241,0
1242,5
1243,0
1244,0
1245,8
1246,5
1247,0
1248,0
1249,0
1250,0
1251,0
1252,0
1253,0
1254,0
1255,0
1256,0
1257,0
1258,0
1259,0
1260,0
1261,0
1262,8
1263,0
1264,0
1265,0
1266,0
1267,0
1268,0
1269,0
1270,0
1271,0
1272,0
1273,0
1274,0
1275,0
1276,0
1277,0
1278,0
1279,0
1280,0
1281,0
1282,0
1283,0
1284,0
1285,8
1286,0
1287,0
1288,0
1289,0
1290,0
1291,3
1292,0
1293,0
1294,0
1295,0
1296,0
1297,0
1298,0
1299,0
1300,2
1301,0
1302,0
1303,0
1304,0
1305,0
1306,0
1307,0
1308,0
1309,0
1310,0
1311,0
1312,0
1313,0
1314,0
1315,0
1316,0
1317,0
1318,0
1319,0
1320,0
1321,0
1322,0
1323,0
1324,0
1325,8
1326,0
1327,0
1328,0
1329,0
1330,0
1331,0
1332,0
1333,0
1334,0
1335,0
1336,0
1337,0
1338,0
1339,0
1340,0
1341,0
1342,0
1343,0
1344,0
1345,0
1346,0
1347,0
1348,0
1349,0
1350,0
1351,0
1352,0
1353,0
1354,0
1355,0
1356,0
1357,0
1358,0
1359,0
1360,0
1361,0
1362,0
1363,0
1364,0
1365,0
1366,0
1367,0
1368,0
1369,0
1370,0
1371,0
1372,0
1373,0
1374,0
1375,0
1376,0
1377,0
1378,0
1379,0
1380,0
1381,0
1382,8
1383,0
1384,0
1385,0
1386,0
1387,0
1388,0
1389,0
1390,0
1391,0
1392,0
1393,0
1394,0
1395,0
1396,0
1397,0
1398,0
1399,0
1400,5
1401,0
1402,0
1403,0
1404,0
1405,0
1406,0
1407,0
1408,0
1409,8
1410,0
1411,0
1412,0
1413,0
1414,0
1415,0
1416,0
1417,0
1418,0
1419,0
1420,0
1421,0
1422,0
1423,0
1424,8
1425,0
1426,0
1427,0
1428,0
1429,0
1430,0
1431,0
1432,0
1433,0
1434,0
1435,0
1436,0
1437,0
1438,0
1439,0
1440,0
1441,0
1442,1
1443,0
1444,0
1445,0
1446,0
1447,0
1448,0
1449,0
1450,0
1451,0
1452,0
1453,3
1454,0
1455,0
1456,0
1457,0
1458,1
1459,0
1460,0
1461,0
1462,0
1463,0
1464,0
1465,0
1466,0
1467,0
1468,8
1469,0
1470,0
1471,0
1472,0
1473,0
1474,0
1475,0
1476,0
1477,0
1478,0
1479,0
1480,0
1481,0
1482,0
1483,0
1484,0
1485,0
1486,0
1487,0
1488,0
1489,0
1490,0
1491,0
1492,0
1493,0
1494,0
1495,0
1496,0
1497,0
1498,0
1499,0
1500,0
1501,0
1502,0
1503,0
1504,0
1505,0
1506,0
1507,0
1508,8
1509,0
1510,0
1511,0
1512,0
1513,0
1514,0
1515,0
1516,0
1517,0
1518,0
1519,0
1520,7
1521,0
1522,3
1523,0
1524,0
1525,0
1526,0
1527,0
1528,0
1529,1
1530,0
1531,0
1532,0
1533,0
1534,0
1535,0
1536,0
1537,0
1538,3
1539,0
1540,0
1541,0
1542,0
1543,0
1544,3
1545,0
1546,0
1547,0
1548,0
1549,0
1550,0
1551,0
1552,0
1553,0
1554,0
1555,0
1556,0
1557,0
1558,0
1559,0
1560,0
1561,0
1562,0
1563,3
1564,0
1565,6
1566,0
1567,0
1568,3
1569,0
1570,0
1571,8
1572,0
1573,0
1574,0
1575,0
1576,0
1577,8
1578,0
1579,0
1580,0
1581,0
1582,0
1583,0
1584,0
1585,0
1586,0
1587,0
1588,0
1589,0
1590,0
1591,0
1592,3
1593,0
1594,0
1595,0
1596,0
1597,0
1598,0
1599,0
1600,0
1601,0
1602,0
1603,0
1604,0
1605,0
1606,0
1607,1
1608,0
1609,0
1610,0
1611,0
1612,0
1613,0
1614,0
1615,1
1616,0
1617,0
1618,0
1619,0
1620,0
1621,5
1622,8
1623,0
1624,0
1625,0
1626,0
1627,0
1628,1
1629,1
1630,1
1631,1
1632,1
1633,1
1634,1
1635,1
1636,0
1637,1
1638,1
1639,1
1640,1
1641,1
1642,1
1643,1
1644,1
1645,1
1646,1
1647,1
1648,1
1649,1
1650,1
1651,1
1652,1
1653,1
1654,3
1655,1
1656,6
1657,1
1658,1
1659,8
1660,1
1661,1
1662,1
1663,1
1664,1
1665,1
1666,7
1667,1
1668,1
1669,1
1670,1
1671,1
1672,1
1673,1
1674,1
1675,1
1676,1
1677,1
1678,1
1679,1
1680,1
1681,1
1682,1
1683,1
1684,1
1685,1
1686,1
1687,1
1688,1
1689,1
1690,1
1691,1
1692,1
1693,2
1694,1
1695,1
1696,1
1697,1
1698,1
1699,1
1700,1
1701,1
1702,6
1703,1
1704,1
1705,0
1706,7
1707,1
1708,1
1709,1
1710,1
1711,1
1712,1
1713,1
1714,1
1715,1
1716,1
1717,1
1718,1
1719,8
1720,1
1721,1
1722,1
1723,1
1724,1
1725,1
1726,1
1727,1
1728,1
1729,1
1730,1
1731,1
1732,1
1733,8
1734,1
1735,1
1736,1
1737,5
1738,1
1739,1
1740,1
1741,1
1742,1
1743,1
1744,6
1745,1
1746,1
1747,1
1748,1
1749,1
1750,1
1751,1
1752,1
1753,1
1754,1
1755,1
1756,1
1757,1
1758,1
1759,1
1760,1
1761,1
1762,7
1763,1
1764,1
1765,1
1766,1
1767,1
1768,1
1769,1
1770,1
1771,1
1772,1
1773,1
1774,1
1775,2
1776,1
1777,1
1778,1
1779,1
1780,1
1781,1
1782,1
1783,1
1784,1
1785,1
1786,1
1787,1
1788,1
1789,1
1790,1
1791,1
1792,1
1793,1
1794,1
1795,1
1796,1
1797,1
1798,7
1799,1
1800,1
1801,1
1802,8
1803,2
1804,1
1805,1
1806,1
1807,1
1808,1
1809,1
1810,1
1811,1
1812,1
1813,1
1814,1
1815,6
1816,1
1817,1
1818,1
1819,1
1820,1
1821,1
1822,1
1823,1
1824,1
1825,1
1826,1
1827,1
1828,1
1829,8
1830,7
1831,1
1832,1
1833,1
1834,1
1835,1
1836,1
1837,1
1838,1
1839,1
1840,1
1841,1
1842,1
1843,1
1844,1
1845,1
1846,1
1847,1
1848,1
1849,1
1850,6
1851,1
1852,1
1853,1
1854,1
1855,1
1856,1
1857,1
1858,1
1859,7
1860,1
1861,1
1862,1
1863,6
1864,1
1865,1
1866,1
1867,1
1868,1
1869,1
1870,1
1871,1
1872,1
1873,1
1874,1
1875,1
1876,1
1877,1
1878,5
1879,1
1880,1
1881,1
1882,1
1883,1
1884,1
1885,1
1886,1
1887,1
1888,1
1889,5
1890,1
1891,1
1892,1
1893,1
1894,1
1895,5
1896,1
1897,5
1898,1
1899,1
1900,1
1901,1
1902,1
1903,1
1904,1
1905,7
1906,1
1907,1
1908,1
1909,7
1910,1
1911,1
1912,1
1913,1
1914,5
1915,1
1916,1
1917,1
1918,1
1919,1
1920,1
1921,1
1922,1
1923,1
1924,1
1925,1
1926,2
1927,1
1928,1
1929,1
1930,1
1931,1
1932,6
1933,1
1934,1
1935,1
1936,1
1937,1
1938,1
1939,2
1940,1
1941,1
1942,1
1943,1
1944,7
1945,1
1946,1
1947,1
1948,7
1949,2
1950,1
1951,1
1952,1
1953,1
1954,1
1955,1
1956,1
1957,1
1958,1
1959,1
1960,1
1961,1
1962,1
1963,1
1964,1
1965,1
1966,1
1967,1
1968,1
1969,1
1970,1
1971,3
1972,1
1973,1
1974,1
1975,1
1976,1
1977,1
1978,1
1979,1
1980,1
1981,1
1982,1
1983,1
1984,1
1985,1
1986,1
1987,1
1988,1
1989,1
1990,1
1991,1
1992,1
1993,1
1994,1
1995,1
1996,1
1997,1
1998,1
1999,1
2000,1
2001,1
2002,3
2003,1
2004,1
2005,1
2006,5
2007,1
2008,1
2009,1
2010,1
2011,1
2012,1
2013,1
2014,1
2015,1
2016,1
2017,1
2018,1
2019,1
2020,1
2021,1
2022,1
2023,1
2024,1
2025,1
2026,1
2027,1
2028,1
2029,1
2030,1
2031,1
2032,6
2033,3
2034,1
2035,1
2036,1
2037,1
2038,7
2039,1
2040,1
2041,5
2042,5
2043,1
2044,1
2045,3
2046,1
2047,1
2048,1
2049,1
2050,7
2051,5
2052,1
2053,1
2054,1
2055,1
2056,7
2057,8
2058,8
2059,8
2060,1
2061,1
2062,1
2063,1
2064,1
2065,1
2066,1
2067,1
2068,1
2069,1
2070,1
2071,1
2072,7
2073,1
2074,1
2075,1
2076,1
2077,1
2078,1
2079,1
2080,1
2081,1
2082,1
2083,1
2084,1
2085,1
2086,1
2087,1
2088,1
2089,1
2090,1
2091,1
2092,1
2093,1
2094,1
2095,1
2096,1
2097,1
2098,1
2099,1
2100,1
2101,1
2102,1
2103,1
2104,5
2105,1
2106,1
2107,3
2108,1
2109,1
2110,1
2111,1
2112,1
2113,1
2114,1
2115,1
2116,1
2117,1
2118,1
2119,7
2120,1
2121,1
2122,1
2123,1
2124,1
2125,1
2126,3
2127,1
2128,1
2129,1
2130,1
2131,5
2132,1
2133,1
2134,1
2135,1
2136,1
2137,1
2138,8
2139,7
2140,7
2141,1
2142,1
2143,5
2144,1
2145,1
2146,7
2147,1
2148,1
2149,1
2150,1
2151,1
2152,6
2153,1
2154,1
2155,1
2156,1
2157,1
2158,1
2159,1
2160,1
2161,1
2162,1
2163,1
2164,1
2165,1
2166,1
2167,1
2168,1
2169,1
2170,1
2171,1
2172,1
2173,1
2174,1
2175,3
2176,1
2177,1
2178,7
2179,1
2180,1
2181,2
2182,1
2183,1
2184,1
2185,1
2186,1
2187,1
2188,1
2189,1
2190,1
2191,1
2192,7
2193,1
2194,1
2195,1
2196,1
2197,1
2198,1
2199,1
2200,1
2201,1
2202,1
2203,1
2204,1
2205,3
2206,3
2207,1
2208,1
2209,1
2210,1
2211,1
2212,1
2213,1
2214,2
2215,1
2216,1
2217,3
2218,7
2219,1
2220,1
2221,1
2222,1
2223,1
2224,1
2225,1
2226,0
2227,6
2228,6
2229,1
2230,1
2231,1
2232,1
2233,1
2234,5
2235,1
2236,1
2237,1
2238,1
2239,1
2240,6
2241,1
2242,1
2243,1
2244,5
2245,3
2246,1
2247,1
2248,1
2249,1
2250,1
2251,1
2252,1
2253,1
2254,1
2255,1
2256,1
2257,1
2258,7
2259,7
2260,1
2261,1
2262,1
2263,1
2264,1
2265,1
2266,1
2267,1
2268,1
2269,1
2270,1
2271,1
2272,1
2273,1
2274,1
2275,4
2276,1
2277,7
2278,1
2279,1
2280,1
2281,5
2282,1
2283,1
2284,1
2285,1
2286,1
2287,7
2288,1
2289,1
2290,1
2291,1
2292,1
2293,1
2294,1
2295,1
2296,1
2297,1
2298,1
2299,1
2300,1
2301,1
2302,5
2303,1
2304,1
2305,1
2306,1
2307,1
2308,1
2309,1
2310,1
2311,1
2312,1
2313,7
2314,1
2315,1
2316,1
2317,8
2318,1
2319,1
2320,1
2321,1
2322,1
2323,1
2324,8
2325,1
2326,1
2327,1
2328,1
2329,1
2330,1
2331,1
2332,1
2333,1
2334,1
2335,1
2336,1
2337,6
2338,1
2339,1
2340,1
2341,1
2342,1
2343,1
2344,1
2345,1
2346,7
2347,1
2348,1
2349,5
2350,1
2351,1
2352,1
2353,1
2354,1
2355,1
2356,1
2357,1
2358,1
2359,1
2360,1
2361,1
2362,1
2363,1
2364,8
2365,1
2366,1
2367,1
2368,1
2369,1
2370,1
2371,1
2372,1
2373,1
2374,1
2375,1
2376,1
2377,7
2378,1
2379,1
2380,1
2381,1
2382,1
2383,1
2384,1
2385,1
2386,5
2387,1
2388,1
2389,1
2390,1
2391,1
2392,1
2393,1
2394,1
2395,1
2396,1
2397,1
2398,1
2399,1
2400,1
2401,1
2402,1
2403,1
2404,1
2405,1
2406,1
2407,1
2408,1
2409,1
2410,1
2411,1
2412,1
2413,1
2414,1
2415,1
2416,1
2417,1
2418,7
2419,1
2420,1
2421,1
2422,1
2423,6
2424,1
2425,1
2426,1
2427,1
2428,1
2429,7
2430,1
2431,1
2432,1
2433,1
2434,1
2435,1
2436,1
2437,1
2438,1
2439,1
2440,6
2441,1
2442,1
2443,1
2444,1
2445,1
2446,1
2447,1
2448,6
2449,7
2450,6
2451,6
2452,6
2453,6
2454,6
2455,7
2456,4
2457,6
2458,6
2459,6
2460,6
2461,7
2462,6
2463,6
2464,6
2465,1
2466,6
2467,6
2468,6
2469,6
2470,6
2471,6
2472,7
2473,7
2474,7
2475,7
2476,7
2477,7
2478,7
2479,7
2480,7
2481,7
2482,7
2483,7
2484,7
2485,7
2486,7
2487,7
2488,7
2489,7
2490,7
2491,7
2492,7
2493,7
2494,7
2495,7
2496,7
2497,7
2498,7
2499,7
2500,7
2501,7
2502,7
2503,7
2504,7
2505,7
2506,7
2507,7
2508,7
2509,7
2510,7
2511,7
2512,7
2513,7
2514,7
2515,7
2516,7
2517,7
2518,7
2519,7
2520,7
2521,7
2522,7
2523,7
2524,7
2525,7
2526,7
2527,7
2528,7
2529,7
2530,7
2531,7
2532,7
2533,7
2534,7
2535,7
2536,7
2537,7
2538,7
2539,7
2540,7
2541,7
2542,7
2543,7
2544,7
2545,7
2546,5
2547,4
2548,5
2549,4
2550,4
2551,4
2552,4
2553,4
2554,4
2555,4
2556,4
2557,4
2558,4
2559,4
2560,4
2561,5
2562,4
2563,5
2564,5
2565,4
2566,5
2567,4
2568,4
2569,4
2570,4
2571,4
2572,5
2573,4
2574,4
2575,4
2576,4
2577,4
2578,4
2579,4
2580,4
2581,4
2582,4
2583,4
2584,4
2585,4
2586,4
2587,4
2588,4
2589,4
2590,4
2591,4
2592,4
2593,4
2594,4
2595,4
2596,4
2597,4
2598,4
2599,4
2600,5
2601,4
2602,4
2603,4
2604,4
2605,4
2606,4
2607,4
2608,4
2609,4
2610,4
2611,4
2612,4
2613,4
2614,4
2615,4
2616,4
2617,4
2618,4
2619,4
2620,4
2621,4
2622,4
2623,4
2624,4
2625,4
2626,4
2627,4
2628,5
2629,5
2630,4
2631,4
2632,4
2633,4
2634,4
2635,4
2636,4
2637,4
2638,4
2639,4
2640,4
2641,4
2642,5
2643,5
2644,4
2645,4
2646,4
2647,4
2648,5
2649,3
2650,4
2651,3
2652,4
2653,4
2654,0
2655,3
2656,3
2657,3
2658,4
2659,3
2660,3
2661,4
2662,4
2663,4
2664,4
2665,4
2666,4
2667,4
2668,4
2669,4
2670,4
2671,4
2672,4
2673,4
2674,4
2675,4
2676,4
2677,4
2678,4
2679,4
2680,4
2681,4
2682,4
2683,4
2684,4
2685,4
2686,4
2687,4
2688,4
2689,4
2690,4
2691,4
2692,4
2693,4
2694,4
2695,4
2696,4
2697,4
2698,4
2699,4
2700,3
2701,4
2702,4
2703,3
2704,4
2705,3
2706,3
2707,4
2708,4
2709,4
2710,4
2711,4
2712,3
2713,4
2714,4
2715,4
2716,4
2717,4
2718,4
2719,4
2720,4
2721,8
2722,8
2723,8
2724,8
2725,8
2726,8
2727,8
2728,8
2729,8
2730,8
2731,8
2732,8
2733,8
2734,8
2735,8
2736,8
2737,8
2738,8
2739,8
2740,8
2741,8
2742,8
2743,8
2744,8
2745,8
2746,8
2747,8
2748,8
2749,8
2750,8
2751,8
2752,8
2753,8
2754,8
2755,8
2756,8
2757,8
2758,8
2759,8
2760,8
2761,8
2762,8
2763,8
2764,8
2765,8
2766,8
2767,8
2768,8
2769,8
2770,8
2771,8
2772,8
2773,8
2774,8
2775,8
2776,5
2777,8
2778,8
2779,8
2780,8
2781,8
2782,8
2783,8
2784,8
2785,8
2786,8
2787,8
2788,8
2789,8
2790,8
2791,8
2792,8
2793,8
2794,5
2795,8
2796,8
2797,8
2798,8
2799,8
2800,8
2801,8
2802,8
2803,8
2804,8
2805,8
2806,8
2807,8
2808,8
2809,8
2810,8
2811,8
2812,8
2813,8
2814,8
2815,8
2816,8
2817,8
2818,8
2819,8
2820,5
2821,8
2822,8
2823,8
2824,8
2825,8
2826,8
2827,8
2828,8
2829,8
2830,8
2831,8
2832,8
2833,8
2834,8
2835,8
2836,8
2837,8
2838,8
2839,8
2840,8
2841,8
2842,8
2843,8
2844,8
2845,8
2846,8
2847,8
2848,8
2849,8
2850,8
2851,8
2852,8
2853,8
2854,4
2855,8
2856,8
2857,8
2858,8
2859,8
2860,8
2861,8
2862,8
2863,8
2864,8
2865,8
2866,8
2867,8
2868,5
2869,8
2870,8
2871,8
2872,8
2873,8
2874,8
2875,8
2876,8
2877,8
2878,8
2879,8
2880,8
2881,8
2882,8
2883,8
2884,0
2885,8
2886,1
2887,2
2888,8
2889,8
2890,8
2891,8
2892,8
2893,8
2894,8
2895,2
2896,8
2897,8
2898,8
2899,8
2900,8
2901,8
2902,3
2903,3
2904,3
2905,8
2906,8
2907,8
2908,8
2909,8
2910,8
2911,8
2912,3
2913,3
2914,8
2915,1
2916,8
2917,8
2918,8
2919,8
2920,0
2921,0
2922,0
2923,0
2924,0
2925,0
2926,0
2927,0
2928,0
2929,8
2930,0
2931,0
2932,0
2933,0
2934,0
2935,3
2936,3
2937,3
2938,3
2939,8
2940,1
2941,8
2942,8
2943,2
2944,3
2945,5
2946,5
2947,5
2948,5
2949,5
2950,5
2951,5
2952,5
2953,5
2954,5
2955,5
2956,5
2957,5
2958,5
2959,5
2960,5
2961,5
2962,5
2963,5
2964,5
2965,5
2966,5
2967,5
2968,5
2969,5
2970,5
2971,5
2972,5
2973,5
2974,5
2975,5
2976,5
2977,5
2978,5
2979,5
2980,5
2981,5
2982,5
2983,5
2984,5
2985,5
2986,5
2987,5
2988,5
2989,5
2990,5
2991,5
2992,5
2993,5
2994,5
2995,0
2996,3
2997,2
2998,2
2999,5
3000,5
3001,5
3002,5
3003,5
3004,5
