Barcode,Cluster
AAACCTGAGAAGGCCT-1,2
AAACCTGAGACAGACC-1,2
AAACCTGAGATAGTCA-1,2
AAACCTGAGCGCCTCA-1,1
AAACCTGAGGCATGGT-1,1
AAACCTGCAAGGTTCT-1,1
AAACCTGCAGGATTGG-1,6
AAACCTGCAGGCGATA-1,2
AAACCTGCATCCCATC-1,4
AAACCTGCATGAAGTA-1,2
AAACCTGGTACATCCA-1,4
AAACCTGGTGCGGTAA-1,1
AAACCTGTCGTGGTCG-1,1
AAACCTGTCTCTGCTG-1,1
AAACGGGAGCGGCTTC-1,2
AAACGGGAGGCTAGCA-1,1
AAACGGGAGTGTCCAT-1,1
AAACGGGGTCTTCTCG-1,2
AAACGGGGTGGACGAT-1,3
AAACGGGGTTTGCATG-1,2
AAACGGGTCTGGGCCA-1,1
AAACGGGTCTGGTATG-1,1
AAAGATGAGACATAAC-1,1
AAAGATGGTCCCTACT-1,4
AAAGATGTCCGAATGT-1,1
AAAGATGTCTGGTTCC-1,2
AAAGCAAAGTGTCCAT-1,6
AAAGCAACACCGAAAG-1,1
AAAGCAAGTAAACACA-1,3
AAAGCAAGTCAAGCGA-1,1
AAAGCAAGTCTCACCT-1,2
AAAGCAAGTCTTTCAT-1,1
AAAGCAAGTTGTTTGG-1,1
AAAGCAATCGTATCAG-1,3
AAAGCAATCTGCCCTA-1,2
AAAGTAGAGAAGGTGA-1,1
AAAGTAGAGACAATAC-1,1
AAAGTAGAGCGACGTA-1,1
AAAGTAGAGGGCACTA-1,2
AAAGTAGAGTCAAGGC-1,5
AAAGTAGAGTCCATAC-1,4
AAAGTAGCACATGACT-1,4
AAAGTAGCAGCTGTTA-1,4
AAAGTAGGTAAGGGAA-1,2
AAAGTAGGTTACTGAC-1,2
AAAGTAGTCAAACCAC-1,2
AAAGTAGTCTCAAGTG-1,1
AAATGCCAGACGCACA-1,1
AAATGCCAGGGCTTCC-1,2
AAATGCCAGGGTATCG-1,1
AAATGCCCACATTTCT-1,1
AAATGCCCAGACACTT-1,2
AAATGCCGTGCAGTAG-1,1
AAATGCCGTTTCGCTC-1,1
AAATGCCTCACCAGGC-1,2
AAATGCCTCAGGCCCA-1,4
AACACGTAGGTGCTAG-1,2
AACACGTCACCTGGTG-1,6
AACACGTCATGGTTGT-1,1
AACACGTGTACCGTAT-1,1
AACACGTGTATCAGTC-1,6
AACACGTTCGCATGGC-1,1
AACACGTTCTTACCGC-1,3
AACCATGAGAGTACCG-1,2
AACCATGAGGAGCGTT-1,3
AACCATGCAGTCCTTC-1,2
AACCATGGTACAGCAG-1,2
AACCATGGTATCTGCA-1,1
AACCATGTCGGAAACG-1,1
AACCATGTCGGATGTT-1,6
AACCGCGAGACACTAA-1,3
AACCGCGAGATCCCAT-1,6
AACCGCGAGGGTGTGT-1,2
AACCGCGCACGGCCAT-1,3
AACCGCGCATGGTCTA-1,1
AACCGCGGTAAGTGTA-1,1
AACCGCGGTAGGAGTC-1,3
AACCGCGGTTACGCGC-1,1
AACCGCGTCTGCTTGC-1,1
AACGTTGAGCGATATA-1,2
AACGTTGAGGTCATCT-1,2
AACGTTGCACACCGCA-1,2
AACGTTGCAGTCGTGC-1,3
AACGTTGCAGTTAACC-1,3
AACGTTGCATGCAATC-1,2
AACGTTGGTGTAACGG-1,1
AACGTTGGTTGGTGGA-1,3
AACGTTGTCACTGGGC-1,2
AACGTTGTCCACGAAT-1,2
AACGTTGTCTTGTATC-1,1
AACTCAGCAACGATGG-1,1
AACTCAGCACGGTTTA-1,1
AACTCAGGTGCACTTA-1,3
AACTCAGGTGTAAGTA-1,2
AACTCAGGTTACCGAT-1,3
AACTCAGGTTGTCGCG-1,1
AACTCAGGTTTGACAC-1,2
AACTCAGTCAGAGCTT-1,3
AACTCAGTCCAACCAA-1,3
AACTCCCAGAAACCTA-1,1
AACTCCCAGCGTGAAC-1,6
AACTCCCCACATGGGA-1,1
AACTCCCCACCATGTA-1,3
AACTCCCCACTACAGT-1,4
AACTCCCCATTAGCCA-1,1
AACTCCCCATTGGTAC-1,1
AACTCCCGTACCGTAT-1,2
AACTCCCGTAGAGGAA-1,3
AACTCCCGTATTCTCT-1,1
AACTCCCGTCTCAACA-1,4
AACTCCCGTTGGTAAA-1,1
AACTCCCTCACGGTTA-1,1
AACTCCCTCGTATCAG-1,1
AACTCTTAGATAGGAG-1,1
AACTCTTCAAGGGTCA-1,3
AACTCTTCAGTCTTCC-1,1
AACTCTTGTTACGCGC-1,1
AACTCTTTCAACGAAA-1,1
AACTCTTTCTCTTATG-1,4
AACTGGTAGCGATAGC-1,2
AACTGGTAGCTGCCCA-1,3
AACTGGTGTACATCCA-1,1
AACTGGTGTACGAAAT-1,4
AACTGGTGTGAGCGAT-1,3
AACTGGTGTTTCGCTC-1,1
AACTGGTTCCTTCAAT-1,3
AACTGGTTCGGAGGTA-1,4
AACTTTCAGAGCTATA-1,3
AACTTTCAGAGTAAGG-1,1
AACTTTCAGGGTGTTG-1,1
AACTTTCCAATACGCT-1,4
AACTTTCCACACCGAC-1,4
AACTTTCCATAAAGGT-1,3
AACTTTCTCAACACGT-1,2
AACTTTCTCAAGGCTT-1,4
AACTTTCTCATCGGAT-1,2
AAGACCTAGAAACGAG-1,3
AAGACCTAGAATTCCC-1,1
AAGACCTAGCACCGTC-1,1
AAGACCTGTGAGGCTA-1,1
AAGACCTGTGCAGGTA-1,4
AAGACCTGTTTGACAC-1,1
AAGACCTTCACCGGGT-1,1
AAGACCTTCGAACGGA-1,2
AAGCCGCAGGCCATAG-1,1
AAGCCGCCAATCTGCA-1,1
AAGCCGCCAATGTAAG-1,1
AAGCCGCCACGAAACG-1,3
AAGCCGCGTAGCAAAT-1,1
AAGCCGCGTGTAACGG-1,1
AAGCCGCTCAAGGTAA-1,2
AAGCCGCTCATACGGT-1,2
AAGGAGCAGTTATCGC-1,2
AAGGAGCCAAGTTAAG-1,1
AAGGAGCGTACGCACC-1,1
AAGGAGCGTACTCAAC-1,2
AAGGAGCGTAGTACCT-1,1
AAGGAGCGTCAAAGCG-1,1
AAGGAGCGTGGTTTCA-1,2
AAGGAGCGTTGAGGTG-1,4
AAGGAGCTCATGCAAC-1,4
AAGGAGCTCTGTGCAA-1,1
AAGGCAGAGAATCTCC-1,4
AAGGCAGAGTGGGTTG-1,2
AAGGCAGCAAATACAG-1,2
AAGGCAGCAAATCCGT-1,1
AAGGCAGCACCATCCT-1,2
AAGGCAGGTAGTGAAT-1,7
AAGGCAGGTGGTAACG-1,2
AAGGCAGTCCGCATCT-1,1
AAGGCAGTCCGCGGTA-1,1
AAGGCAGTCCTATGTT-1,4
AAGGCAGTCGTACGGC-1,3
AAGGTTCAGGTGATAT-1,2
AAGGTTCAGTGTACCT-1,1
AAGGTTCCAAGGCTCC-1,4
AAGGTTCCACACGCTG-1,2
AAGGTTCCACCGTTGG-1,1
AAGGTTCCACGAAACG-1,3
AAGGTTCGTGCCTGCA-1,1
AAGGTTCGTGTTCTTT-1,3
AAGGTTCGTTCACGGC-1,1
AAGGTTCTCCATGAAC-1,1
AAGGTTCTCTACTATC-1,3
AAGGTTCTCTCGTATT-1,4
AAGGTTCTCTTGAGGT-1,1
AAGTCTGAGAGGGATA-1,2
AAGTCTGAGAGTACAT-1,1
AAGTCTGAGCGGATCA-1,3
AAGTCTGAGTCAAGCG-1,4
AAGTCTGCAAGGGTCA-1,2
AAGTCTGCACTGTTAG-1,1
AATCCAGAGAGACTAT-1,3
AATCCAGAGCCAACAG-1,1
AATCCAGAGCCACCTG-1,4
AATCCAGAGTAATCCC-1,3
AATCCAGCAAAGAATC-1,4
AATCCAGCACAGGCCT-1,4
AATCCAGCAGCCTGTG-1,8
AATCCAGGTAAAGTCA-1,2
AATCCAGGTATAATGG-1,1
AATCCAGGTGAAATCA-1,3
AATCCAGGTGCGCTTG-1,2
AATCCAGTCCCAGGTG-1,4
AATCCAGTCCGAATGT-1,1
AATCCAGTCTCCAGGG-1,1
AATCCAGTCTCGCTTG-1,2
AATCGGTCAGGACCCT-1,2
AATCGGTCATCGTCGG-1,2
AATCGGTGTCGGATCC-1,2
AATCGGTGTGACTCAT-1,1
AATCGGTGTTCCATGA-1,1
AATCGGTTCACCGTAA-1,6
ACACCAAAGAAACGCC-1,3
ACACCAAAGACTGGGT-1,1
ACACCAAAGGCAAAGA-1,1
ACACCAAAGGCAATTA-1,1
ACACCAAAGGCTATCT-1,3
ACACCAAAGTTCCACA-1,3
ACACCAAAGTTTCCTT-1,1
ACACCAACAACTGCTA-1,3
ACACCAAGTAGCGATG-1,3
ACACCAATCATTGCGA-1,2
ACACCAATCTTGACGA-1,3
ACACCCTAGTACGTTC-1,4
ACACCCTAGTGTTAGA-1,3
ACACCCTCATCTCCCA-1,5
ACACCCTCATGCAATC-1,1
ACACCCTGTAAGGGCT-1,1
ACACCCTGTCGCTTTC-1,1
ACACCCTGTTCTGGTA-1,2
ACACCGGAGCTAAGAT-1,2
ACACCGGAGGCAGGTT-1,1
ACACCGGAGTAACCCT-1,2
ACACCGGCAACCGCCA-1,1
ACACCGGCACACATGT-1,3
ACACCGGCACAGGTTT-1,3
ACACCGGCAGCTGCTG-1,1
ACACCGGCATCCTTGC-1,1
ACACCGGGTATGAATG-1,4
ACACCGGTCCCATTTA-1,1
ACACCGGTCGTAGGAG-1,1
ACACTGAAGCGGCTTC-1,1
ACACTGACAAGTAATG-1,3
ACACTGACACAGGTTT-1,2
ACACTGAGTGGTGTAG-1,2
ACACTGATCCTTCAAT-1,1
ACACTGATCGTTACGA-1,1
ACACTGATCTTTAGGG-1,3
ACAGCCGCAGTTCATG-1,4
ACAGCCGGTCATACTG-1,1
ACAGCCGGTCTCAACA-1,1
ACAGCCGGTCTTGATG-1,2
ACAGCCGTCACCGTAA-1,1
ACAGCTAAGATAGCAT-1,4
ACAGCTAAGCCGATTT-1,2
ACAGCTAAGGACAGCT-1,1
ACAGCTAAGTTAGGTA-1,3
ACAGCTACACTAAGTC-1,2
ACAGCTACATACGCTA-1,3
ACAGCTAGTAAGTGGC-1,1
ACAGCTAGTATTAGCC-1,3
ACAGCTAGTCGGGTCT-1,2
ACAGCTATCAACGGCC-1,1
ACAGCTATCGCATGAT-1,1
ACATACGAGTTACGGG-1,1
ACATACGCAGCTGCAC-1,1
ACATACGTCACCGGGT-1,2
ACATACGTCGGGAGTA-1,1
ACATCAGAGGTGCAAC-1,1
ACATCAGCAGCTGTAT-1,1
ACATCAGCATATACGC-1,4
ACATCAGGTGTGACCC-1,1
ACATCAGGTTTGTTTC-1,1
ACATCAGTCCTATTCA-1,1
ACATGGTAGCATGGCA-1,4
ACATGGTAGTCTCAAC-1,3
ACATGGTCAAATACAG-1,1
ACATGGTCAACCGCCA-1,1
ACATGGTCATCGTCGG-1,4
ACATGGTCATTTCACT-1,4
ACATGGTTCTGCAAGT-1,4
ACCAGTAAGGGCTCTC-1,3
ACCAGTAAGTGATCGG-1,2
ACCAGTACAGACAGGT-1,8
ACCAGTAGTACAAGTA-1,1
ACCAGTAGTAGAGCTG-1,2
ACCAGTAGTCTCTCTG-1,3
ACCAGTAGTGAGTGAC-1,1
ACCAGTAGTGGTTTCA-1,1
ACCAGTAGTTGACGTT-1,1
ACCAGTAGTTGTACAC-1,4
ACCAGTATCCGTACAA-1,6
ACCAGTATCCTCAATT-1,1
ACCAGTATCGCCTGAG-1,3
ACCAGTATCGCGTAGC-1,5
ACCAGTATCTCATTCA-1,2
ACCCACTAGCAATATG-1,4
ACCCACTAGCGCCTCA-1,3
ACCCACTAGCTAGTGG-1,1
ACCCACTAGGTGATAT-1,2
ACCCACTAGTGGACGT-1,4
ACCCACTCATAAGACA-1,4
ACCCACTGTAAGTAGT-1,3
ACCCACTGTAGGCTGA-1,1
ACCCACTTCAGTCAGT-1,1
ACCCACTTCGAGAGCA-1,3
ACCCACTTCGGAGCAA-1,1
ACCCACTTCGGCTTGG-1,1
ACCCACTTCTACTATC-1,4
ACCCACTTCTGTACGA-1,1
ACCGTAAAGATAGGAG-1,2
ACCGTAACAGGACCCT-1,4
ACCGTAAGTGGTCTCG-1,2
ACCGTAAGTTAAGACA-1,1
ACCGTAATCACATACG-1,6
ACCTTTAAGCAGCGTA-1,2
ACCTTTAAGTATTGGA-1,1
ACCTTTACAATTGCTG-1,1
ACCTTTACACATTAGC-1,4
ACCTTTACACCGTTGG-1,4
ACCTTTACATGGTCAT-1,3
ACCTTTACATGTTGAC-1,1
ACCTTTATCTCTTATG-1,1
ACGAGCCAGAGTACCG-1,4
ACGAGCCAGGGTCTCC-1,3
ACGAGCCAGTCGATAA-1,1
ACGAGCCCAGGGTTAG-1,1
ACGAGCCCATGAACCT-1,1
ACGAGCCCATTGAGCT-1,1
ACGAGCCGTTGGTAAA-1,1
ACGAGCCTCCTCAACC-1,4
ACGAGCCTCGGAGCAA-1,1
ACGAGCCTCTCTGAGA-1,2
ACGAGCCTCTGTTTGT-1,1
ACGAGGAAGAATGTTG-1,5
ACGAGGAAGCAATATG-1,1
ACGAGGAAGCACACAG-1,2
ACGAGGAAGCTAACTC-1,1
ACGAGGAAGTGGTAGC-1,4
ACGAGGACAAAGGAAG-1,3
ACGAGGACATCAGTCA-1,4
ACGAGGACATTCGACA-1,1
ACGAGGATCTACTATC-1,3
ACGATACAGAATGTTG-1,2
ACGATACAGCCCAGCT-1,2
ACGATACAGGAACTGC-1,1
ACGATACCAATTCCTT-1,4
ACGATACCAGATGAGC-1,2
ACGATACCATGCCCGA-1,5
ACGATACCATGCCTAA-1,2
ACGATACGTCGGCATC-1,1
ACGATACGTTAAGAAC-1,1
ACGATACTCGTAGGTT-1,3
ACGATGTAGAGACTAT-1,2
ACGATGTAGATCTGCT-1,3
ACGATGTAGTCCAGGA-1,2
ACGATGTGTCATCGGC-1,2
ACGCAGCAGTGACATA-1,1
ACGCAGCCACCTTGTC-1,2
ACGCAGCCATAAAGGT-1,2
ACGCAGCGTGTGGCTC-1,1
ACGCAGCGTTTACTCT-1,4
ACGCAGCTCTACTATC-1,1
ACGCAGCTCTCGAGTA-1,1
ACGCCAGAGAATAGGG-1,4
ACGCCAGAGAGACGAA-1,3
ACGCCAGAGGGTATCG-1,2
ACGCCAGAGTACGTAA-1,3
ACGCCAGGTACTCTCC-1,4
ACGCCAGGTGAACCTT-1,4
ACGCCAGTCAAGCCTA-1,6
ACGCCGAAGATTACCC-1,6
ACGCCGAAGTCGTACT-1,1
ACGCCGAGTCATATCG-1,3
ACGCCGAGTGCTAGCC-1,3
ACGCCGATCAGGATCT-1,2
ACGCCGATCTTAACCT-1,6
ACGGAGAGTCACAAGG-1,1
ACGGAGAGTCGAGTTT-1,2
ACGGAGATCGTGACAT-1,3
ACGGCCAAGAGATGAG-1,1
ACGGCCAAGCGACGTA-1,4
ACGGCCAAGCGATGAC-1,3
ACGGCCAAGGAGTAGA-1,1
ACGGCCAAGTACGTAA-1,2
ACGGCCAAGTGACTCT-1,2
ACGGCCACAGGGTTAG-1,1
ACGGCCAGTCTCATCC-1,3
ACGGCCAGTTAAAGAC-1,1
ACGGCCATCCTTTACA-1,2
ACGGCCATCTTGTACT-1,1
ACGGGCTAGTTCGATC-1,2
ACGGGCTCACGGTTTA-1,1
ACGGGCTCATGATCCA-1,2
ACGGGCTGTAAACACA-1,1
ACGGGCTGTACAGACG-1,2
ACGGGCTGTCATACTG-1,1
ACGGGCTGTCTTCTCG-1,2
ACGGGCTGTGTTGAGG-1,4
ACGGGCTGTTATGCGT-1,1
ACGGGCTGTTGACGTT-1,1
ACGGGCTTCCACGTGG-1,2
ACGGGTCAGCTACCTA-1,4
ACGGGTCAGTCGATAA-1,2
ACGGGTCCAGGGAGAG-1,3
ACGGGTCGTATCACCA-1,1
ACGGGTCGTCGACTGC-1,2
ACGGGTCGTGCACCAC-1,1
ACGGGTCGTGCTCTTC-1,1
ACGGGTCGTGGTCCGT-1,2
ACGGGTCGTTACAGAA-1,2
ACGGGTCTCACTCCTG-1,1
ACGGGTCTCCGCTGTT-1,4
ACGGGTCTCGCTGATA-1,1
ACGTCAAAGACGCTTT-1,1
ACGTCAAAGACTTGAA-1,1
ACGTCAAAGATCACGG-1,3
ACGTCAAAGGCCCTCA-1,2
ACGTCAAAGGGTCTCC-1,2
ACGTCAAGTAAGAGAG-1,3
ACGTCAAGTATGGTTC-1,1
ACGTCAAGTCTAGGTT-1,2
ACGTCAAGTTCAGCGC-1,1
ACGTCAATCTGGCGAC-1,1
ACTATCTAGTCTCAAC-1,4
ACTATCTAGTTATCGC-1,4
ACTATCTGTATATCCG-1,2
ACTATCTGTCGCATAT-1,2
ACTATCTGTTAAGAAC-1,1
ACTATCTGTTATCACG-1,2
ACTATCTTCACAGGCC-1,2
ACTATCTTCCGTACAA-1,2
ACTATCTTCGCCATAA-1,1
ACTATCTTCTACGAGT-1,1
ACTGAACAGCGTTGCC-1,1
ACTGAACCAAGCCGTC-1,2
ACTGAACCAGCCAATT-1,4
ACTGAACCAGGCAGTA-1,1
ACTGAACGTAGCTTGT-1,2
ACTGAACGTTTGTGTG-1,4
ACTGAACTCGTTTGCC-1,1
ACTGAACTCTGGCGTG-1,5
ACTGAACTCTTTAGTC-1,2
ACTGAGTAGAATTCCC-1,3
ACTGAGTAGTTGTAGA-1,1
ACTGAGTCAACACGCC-1,1
ACTGAGTCAGCGAACA-1,3
ACTGAGTCATCCCATC-1,2
ACTGAGTCATGATCCA-1,4
ACTGAGTGTAGCTAAA-1,1
ACTGAGTGTCATACTG-1,3
ACTGAGTGTCCTAGCG-1,1
ACTGAGTGTGACCAAG-1,2
ACTGAGTGTGAGTGAC-1,4
ACTGAGTGTTGATTGC-1,3
ACTGAGTTCCGGGTGT-1,1
ACTGAGTTCGAATCCA-1,1
ACTGAGTTCGCCAGCA-1,2
ACTGATGAGGTAAACT-1,2
ACTGATGCAAGAAAGG-1,2
ACTGATGCAAGTTAAG-1,2
ACTGATGCAATACGCT-1,1
ACTGATGCACCTGGTG-1,1
ACTGATGCACGTTGGC-1,4
ACTGATGCAGTCCTTC-1,2
ACTGATGCATGGGACA-1,1
ACTGATGCATTCCTGC-1,2
ACTGATGGTCAGCTAT-1,1
ACTGATGTCAGTACGT-1,1
ACTGATGTCGGTCTAA-1,1
ACTGATGTCTTGGGTA-1,3
ACTGCTCAGCCAGTAG-1,4
ACTGCTCAGGGTATCG-1,2
ACTGCTCAGTATCGAA-1,1
ACTGCTCCAATGAATG-1,3
ACTGCTCCAGGGTACA-1,3
ACTGCTCGTCTGATTG-1,2
ACTGCTCTCCTCAATT-1,1
ACTGCTCTCCTCATTA-1,3
ACTGCTCTCGGCTACG-1,3
ACTGCTCTCTTGTCAT-1,3
ACTGTCCAGCCACGTC-1,4
ACTGTCCAGCTCCTTC-1,1
ACTGTCCAGCTGAAAT-1,1
ACTGTCCAGTGGGATC-1,1
ACTGTCCCACGAGGTA-1,2
ACTGTCCCAGCCTGTG-1,2
ACTGTCCCATGTAGTC-1,3
ACTGTCCCATGTCGAT-1,4
ACTGTCCCATTCCTGC-1,3
ACTGTCCGTATGGTTC-1,2
ACTGTCCGTTAAGTAG-1,6
ACTGTCCTCACAGGCC-1,1
ACTTACTAGATCCTGT-1,4
ACTTACTAGCTATGCT-1,3
ACTTACTAGTCCCACG-1,1
ACTTACTCAAGCCGCT-1,1
ACTTACTCACTGCCAG-1,2
ACTTACTCAGTACACT-1,1
ACTTACTCATTTGCTT-1,4
ACTTACTGTTGCGTTA-1,3
ACTTACTTCAGTTCGA-1,3
ACTTGTTAGGGTGTGT-1,3
ACTTGTTAGTGTCCAT-1,2
ACTTGTTCAACTGGCC-1,4
ACTTGTTCACCGGAAA-1,2
ACTTGTTGTCCGAGTC-1,1
ACTTGTTGTGACCAAG-1,1
ACTTGTTGTGACGCCT-1,1
ACTTGTTGTGTCCTCT-1,1
ACTTGTTTCATGTCTT-1,1
ACTTGTTTCCCGACTT-1,2
ACTTGTTTCGAACTGT-1,2
ACTTGTTTCGGCTACG-1,1
ACTTGTTTCTGGAGCC-1,1
ACTTGTTTCTTAGAGC-1,1
ACTTTCAAGCTAGTCT-1,1
ACTTTCAAGTGCGATG-1,1
ACTTTCACAAGCTGAG-1,4
ACTTTCACACATGTGT-1,3
ACTTTCACATCCCACT-1,4
ACTTTCAGTCGCTTCT-1,4
ACTTTCATCACAACGT-1,2
ACTTTCATCCACGACG-1,1
ACTTTCATCTCGTTTA-1,1
ACTTTCATCTGCGACG-1,2
AGAATAGAGACAAGCC-1,4
AGAATAGAGACCTTTG-1,1
AGAATAGCAAGCGAGT-1,2
AGAATAGCAGTGGGAT-1,5
AGAATAGCATTATCTC-1,5
AGAATAGGTGACCAAG-1,1
AGAATAGGTGGTCTCG-1,3
AGAATAGTCCAGATCA-1,2
AGAATAGTCCTATTCA-1,2
AGAATAGTCTGGCGAC-1,4
AGACGTTAGACCACGA-1,5
AGACGTTCATAGAAAC-1,1
AGACGTTGTGAAATCA-1,1
AGACGTTGTGACCAAG-1,1
AGACGTTGTTCCTCCA-1,3
AGACGTTTCACGCATA-1,1
AGACGTTTCTGGTATG-1,1
AGAGCGAAGTGTTAGA-1,1
AGAGCGACACAGACTT-1,3
AGAGCGACACGTCTCT-1,2
AGAGCGACACTTAACG-1,5
AGAGCGAGTTCCACTC-1,1
AGAGCGATCCGCAGTG-1,3
AGAGCTTAGACTGGGT-1,4
AGAGCTTAGAGCCCAA-1,2
AGAGCTTCACATGACT-1,3
AGAGCTTGTCAGAGGT-1,1
AGAGCTTGTCCGAATT-1,3
AGAGCTTGTCGCTTCT-1,3
AGAGCTTGTCTGATTG-1,1
AGAGCTTGTTGAGTTC-1,4
AGAGCTTTCAGTCAGT-1,2
AGAGTGGAGAGGGCTT-1,2
AGAGTGGAGTACGATA-1,2
AGAGTGGTCGGTCCGA-1,2
AGATCTGAGAGATGAG-1,2
AGATCTGAGGATCGCA-1,1
AGATCTGAGTCGAGTG-1,1
AGATCTGCAAAGCGGT-1,1
AGATCTGCACCAACCG-1,3
AGATCTGCAGGACGTA-1,2
AGATCTGCATCAGTAC-1,1
AGATCTGGTATGAATG-1,4
AGATCTGGTCCTGCTT-1,2
AGATCTGGTGTTCGAT-1,2
AGATCTGGTTATCCGA-1,3
AGATCTGTCTGCGTAA-1,2
AGATTGCAGCAATCTC-1,1
AGATTGCCATCGTCGG-1,4
AGATTGCGTCAACATC-1,2
AGATTGCGTTAAGAAC-1,3
AGATTGCTCAACGCTA-1,2
AGCAGCCAGATGTCGG-1,2
AGCAGCCAGCATGGCA-1,2
AGCAGCCCAGACACTT-1,3
AGCAGCCCAGATAATG-1,1
AGCAGCCGTTCAGTAC-1,4
AGCAGCCTCAATCACG-1,2
AGCAGCCTCAGAGCTT-1,1
AGCAGCCTCGAATCCA-1,5
AGCAGCCTCTGTACGA-1,1
AGCATACAGAAGAAGC-1,1
AGCATACCAAGCCATT-1,1
AGCATACCACAGGAGT-1,2
AGCATACTCCTCTAGC-1,2
AGCATACTCGGATGTT-1,1
AGCATACTCTTGCAAG-1,2
AGCCTAAAGGGAGTAA-1,1
AGCCTAACAAGGACAC-1,1
AGCCTAACAATGTAAG-1,1
AGCCTAACATCCTTGC-1,2
AGCCTAAGTAGAAGGA-1,2
AGCCTAAGTAGCGCAA-1,1
AGCCTAAGTCCGAACC-1,1
AGCCTAAGTTTGGGCC-1,2
AGCCTAATCATTCACT-1,2
AGCCTAATCTCGATGA-1,1
AGCGGTCAGAGTAATC-1,5
AGCGGTCAGATCACGG-1,1
AGCGGTCAGATCGGGT-1,1
AGCGGTCAGCTCCCAG-1,2
AGCGGTCAGTCCGGTC-1,2
AGCGGTCCAATGTTGC-1,2
AGCGGTCCATGTTGAC-1,1
AGCGGTCTCCCTTGCA-1,4
AGCGGTCTCCGAATGT-1,2
AGCGTATAGATACACA-1,5
AGCGTATCACGAGAGT-1,2
AGCGTATCAGGCTGAA-1,1
AGCGTATGTGTAACGG-1,1
AGCGTATTCTACTTAC-1,2
AGCGTCGAGACCGGAT-1,3
AGCGTCGAGATCCCAT-1,2
AGCGTCGAGTGAAGTT-1,1
AGCGTCGCACGGTGTC-1,3
AGCGTCGCACTCGACG-1,1
AGCGTCGCACTGTCGG-1,2
AGCGTCGCAGCAGTTT-1,3
AGCGTCGCAGTCAGAG-1,4
AGCGTCGGTGCGAAAC-1,1
AGCGTCGGTGTCAATC-1,2
AGCGTCGGTGTTCGAT-1,2
AGCGTCGGTTTCCACC-1,2
AGCTCCTAGATGCCTT-1,1
AGCTCCTAGCTAGTTC-1,1
AGCTCCTCACATGACT-1,3
AGCTCCTGTATAAACG-1,4
AGCTCCTTCTGCGGCA-1,1
AGCTCCTTCTTACCGC-1,1
AGCTCTCAGAGTCTGG-1,1
AGCTCTCAGATGCCAG-1,1
AGCTCTCAGCACCGCT-1,2
AGCTCTCAGGCTCATT-1,4
AGCTCTCAGTGACTCT-1,4
AGCTCTCAGTTACGGG-1,3
AGCTCTCCAATGTAAG-1,1
AGCTCTCCAGCTTCGG-1,2
AGCTCTCCATGGTCTA-1,2
AGCTCTCGTTGATTGC-1,6
AGCTCTCTCACATACG-1,1
AGCTCTCTCACCGTAA-1,1
AGCTCTCTCCAGAGGA-1,3
AGCTCTCTCTTCAACT-1,2
AGCTTGAAGCAATATG-1,2
AGCTTGAAGCCCAACC-1,3
AGCTTGAAGGTGCTTT-1,1
AGCTTGACAGGGTTAG-1,1
AGCTTGAGTAGGGTAC-1,2
AGCTTGAGTGACAAAT-1,1
AGCTTGAGTTAAGAAC-1,1
AGCTTGATCACTTATC-1,1
AGCTTGATCTTTAGTC-1,1
AGGCCACAGCTTATCG-1,1
AGGCCACAGGGTGTTG-1,2
AGGCCACAGTGTCCCG-1,3
AGGCCACCACCGAATT-1,3
AGGCCACGTAGAGCTG-1,1
AGGCCACGTGATAAGT-1,2
AGGCCACGTTCGTCTC-1,4
AGGCCACGTTTACTCT-1,2
AGGCCGTAGAACTGTA-1,3
AGGCCGTAGACTACAA-1,1
AGGCCGTAGCTCCTTC-1,2
AGGCCGTAGCTGGAAC-1,3
AGGCCGTAGGAATTAC-1,2
AGGCCGTCACATTAGC-1,3
AGGCCGTCAGCGTAAG-1,2
AGGCCGTGTACCATCA-1,1
AGGCCGTGTCTTGCGG-1,3
AGGCCGTTCGGCATCG-1,3
AGGGAGTCACATGACT-1,1
AGGGAGTCACGGTGTC-1,4
AGGGAGTGTCTTCTCG-1,2
AGGGAGTTCAAGCCTA-1,3
AGGGATGCAAGTAGTA-1,2
AGGGATGCAGCATACT-1,1
AGGGATGGTTTGACAC-1,4
AGGGATGGTTTGCATG-1,1
AGGGTGAGTGTATGGG-1,4
AGGGTGATCCCAACGG-1,1
AGGGTGATCGCCTGTT-1,1
AGGTCATAGCTAAGAT-1,3
AGGTCATCAATGGAAT-1,1
AGGTCATCACACCGAC-1,1
AGGTCATCAGCTTCGG-1,2
AGGTCATCATTGGCGC-1,4
AGGTCATGTTACCGAT-1,1
AGGTCATGTTCCACGG-1,1
AGGTCATGTTCGCTAA-1,1
AGGTCATTCACTTACT-1,4
AGGTCATTCCGCGGTA-1,1
AGGTCATTCCTTAATC-1,2
AGGTCCGAGAATTGTG-1,2
AGGTCCGAGAGGTTGC-1,2
AGGTCCGGTGAGGCTA-1,2
AGGTCCGTCCAAGTAC-1,3
AGGTCCGTCCTAAGTG-1,4
AGGTCCGTCGGACAAG-1,2
AGTAGTCAGGTACTCT-1,2
AGTAGTCAGTCCGTAT-1,1
AGTAGTCCACCGAAAG-1,1
AGTAGTCCATGGTTGT-1,2
AGTAGTCGTAACGACG-1,3
AGTAGTCGTAGAGCTG-1,1
AGTAGTCGTTCCCGAG-1,2
AGTAGTCGTTGATTCG-1,1
AGTAGTCTCACCTCGT-1,1
AGTAGTCTCAGGCCCA-1,3
AGTAGTCTCATTTGGG-1,3
AGTAGTCTCCGGCACA-1,2
AGTAGTCTCGTAGATC-1,2
AGTAGTCTCTGCGTAA-1,3
AGTCTTTAGCACAGGT-1,1
AGTCTTTCAAAGTCAA-1,3
AGTCTTTCAAGCTGGA-1,3
AGTCTTTCAGCCAGAA-1,1
AGTCTTTCAGCTCGAC-1,3
AGTCTTTCATGTTGAC-1,1
AGTCTTTCATTGGCGC-1,1
AGTCTTTGTCCATGAT-1,2
AGTCTTTGTCGCTTCT-1,3
AGTCTTTGTGTTTGGT-1,4
AGTCTTTTCCCAACGG-1,1
AGTCTTTTCGGTCTAA-1,1
AGTGAGGAGCCACTAT-1,2
AGTGAGGCAAGTCTAC-1,2
AGTGAGGCATAGACTC-1,1
AGTGAGGCATGGTCTA-1,3
AGTGAGGGTGTCTGAT-1,3
AGTGAGGGTTCCACAA-1,2
AGTGAGGGTTCGGGCT-1,1
AGTGAGGGTTTAAGCC-1,1
AGTGAGGTCTCGGACG-1,2
AGTGAGGTCTGTACGA-1,4
AGTGAGGTCTTTACGT-1,4
AGTGGGAAGACCCACC-1,2
AGTGGGACACTTCTGC-1,1
AGTGGGACAGCTTCGG-1,1
AGTGGGAGTACAGACG-1,3
AGTGGGAGTAGCGTGA-1,2
AGTGGGAGTAGCTAAA-1,1
AGTGGGAGTCAGAAGC-1,4
AGTGGGAGTGCCTGTG-1,3
AGTGGGAGTGCCTTGG-1,1
AGTGGGATCACTTACT-1,1
AGTGGGATCATCACCC-1,3
AGTGGGATCTTAACCT-1,2
AGTGTCAAGGGTGTTG-1,6
AGTGTCACAGACGTAG-1,2
AGTGTCACAGCTGCTG-1,2
AGTGTCAGTGCAGTAG-1,1
AGTGTCAGTTACGACT-1,1
AGTGTCATCATAACCG-1,1
AGTGTCATCCGCGGTA-1,1
AGTTGGTAGGACATTA-1,1
AGTTGGTGTACCGGCT-1,6
AGTTGGTGTCTAAACC-1,3
AGTTGGTGTGCCTTGG-1,3
AGTTGGTGTGGTACAG-1,3
AGTTGGTTCCTAGAAC-1,1
AGTTGGTTCGCGATCG-1,5
AGTTGGTTCTGCGGCA-1,4
ATAACGCAGGTGACCA-1,3
ATAACGCAGTGTCCAT-1,5
ATAACGCCACAGGCCT-1,2
ATAACGCGTAAGTTCC-1,2
ATAACGCGTCAGATAA-1,2
ATAACGCGTTCGAATC-1,2
ATAACGCTCCTGTAGA-1,2
ATAACGCTCTACGAGT-1,1
ATAACGCTCTTGTTTG-1,3
ATAAGAGAGGTGCACA-1,3
ATAAGAGCACCCAGTG-1,3
ATAAGAGCATCGGGTC-1,1
ATAAGAGGTTCACCTC-1,2
ATAAGAGTCCGATATG-1,4
ATAAGAGTCGAATGCT-1,1
ATAAGAGTCGCCATAA-1,3
ATAAGAGTCTGCAGTA-1,4
ATAGACCAGTACGCGA-1,3
ATAGACCAGTGGAGAA-1,3
ATAGACCCAAAGAATC-1,4
ATAGACCCAGCTGTTA-1,1
ATAGACCGTAAGGGAA-1,1
ATAGACCGTCAGGACA-1,1
ATAGACCGTGCACCAC-1,2
ATAGACCGTGTCAATC-1,1
ATAGACCGTGTGACGA-1,2
ATAGACCTCAATCACG-1,1
ATAGACCTCTCACATT-1,3
ATAGACCTCTCGATGA-1,5
ATCACGAAGAAGCCCA-1,3
ATCACGACAACACCTA-1,4
ATCACGACATCCTTGC-1,3
ATCACGACATGCAATC-1,1
ATCACGAGTCTGGTCG-1,4
ATCACGATCACCACCT-1,4
ATCACGATCATCGCTC-1,4
ATCACGATCATGTAGC-1,2
ATCACGATCCAAGCCG-1,1
ATCATCTAGACAAGCC-1,1
ATCATCTAGCGCCTCA-1,1
ATCATCTAGCTCCTCT-1,1
ATCATCTAGGATGGTC-1,2
ATCATCTAGGCACATG-1,2
ATCATCTCAGTAAGCG-1,4
ATCATCTCAGTACACT-1,1
ATCATCTCATCCAACA-1,5
ATCATCTGTGACTACT-1,3
ATCATCTTCGTCCAGG-1,2
ATCATGGAGCTGCGAA-1,3
ATCATGGAGGCAATTA-1,3
ATCATGGAGGCCCTCA-1,1
ATCATGGAGTTGAGAT-1,3
ATCATGGCAAATCCGT-1,1
ATCATGGCAATGAATG-1,3
ATCATGGCAGCCAATT-1,2
ATCATGGCAGGGTACA-1,3
ATCATGGGTAACGTTC-1,4
ATCATGGGTCAATACC-1,1
ATCCACCAGAGCTGGT-1,1
ATCCACCAGCAGACTG-1,2
ATCCACCAGCGATCCC-1,3
ATCCACCAGCGTTTAC-1,1
ATCCACCAGGAGCGTT-1,4
ATCCACCAGTCACGCC-1,1
ATCCACCCAACGCACC-1,2
ATCCACCCAACTGGCC-1,4
ATCCACCCAAGCGCTC-1,4
ATCCACCCAAGTCTGT-1,1
ATCCACCCACAGTCGC-1,1
ATCCACCCAGGGTTAG-1,4
ATCCACCCATTACGAC-1,2
ATCCACCGTATCAGTC-1,1
ATCCACCTCTAACGGT-1,1
ATCCGAAAGTTTAGGA-1,1
ATCCGAACACACTGCG-1,3
ATCCGAACAGTTCCCT-1,1
ATCCGAAGTAACGCGA-1,3
ATCCGAAGTACTCAAC-1,1
ATCCGAAGTCTTGATG-1,3
ATCCGAAGTGACTCAT-1,1
ATCCGAATCCTTGCCA-1,1
ATCCGAATCGGAATCT-1,1
ATCGAGTAGCCAGAAC-1,1
ATCGAGTAGCCCAATT-1,3
ATCGAGTAGCTCTCGG-1,2
ATCGAGTCAAAGGTGC-1,2
ATCGAGTCAACAACCT-1,2
ATCGAGTCAGGGTATG-1,1
ATCGAGTCAGGTCCAC-1,4
ATCGAGTCATCACAAC-1,1
ATCGAGTCATCCTAGA-1,2
ATCGAGTGTACAGCAG-1,4
ATCGAGTGTCGTGGCT-1,4
ATCGAGTGTGATGTGG-1,2
ATCGAGTGTGCAGTAG-1,3
ATCGAGTGTTCAGTAC-1,2
ATCGAGTGTTTAAGCC-1,1
ATCGAGTTCATTTGGG-1,1
ATCGAGTTCCGCATAA-1,2
ATCGAGTTCGCAAGCC-1,4
ATCTACTAGAGCTTCT-1,2
ATCTACTCAAACGCGA-1,4
ATCTACTCATGTCTCC-1,2
ATCTACTGTTGGTAAA-1,1
ATCTACTGTTTAGCTG-1,3
ATCTACTTCCCATTTA-1,1
ATCTACTTCGTTTATC-1,1
ATCTACTTCTATCCCG-1,3
ATCTACTTCTGAGTGT-1,2
ATCTACTTCTGGTTCC-1,3
ATCTGCCAGACAAAGG-1,3
ATCTGCCAGTGTACCT-1,2
ATCTGCCAGTTGTAGA-1,1
ATCTGCCCACCAGATT-1,1
ATCTGCCCACCAGTTA-1,1
ATCTGCCGTACTTGAC-1,4
ATCTGCCTCAACACCA-1,1
ATGAGGGAGAAGGTGA-1,5
ATGAGGGAGAGTCGGT-1,2
ATGAGGGAGCGTGTCC-1,2
ATGAGGGCAGACGTAG-1,3
ATGAGGGCATATGGTC-1,1
ATGAGGGCATGCAACT-1,1
ATGAGGGTCAAACCGT-1,1
ATGAGGGTCCCAAGTA-1,1
ATGAGGGTCGTCGTTC-1,4
ATGCGATAGCTAGTGG-1,3
ATGCGATAGGCGATAC-1,1
ATGCGATAGGCTAGCA-1,1
ATGCGATGTACATGTC-1,3
ATGCGATTCAGGATCT-1,4
ATGGGAGAGAGTCGGT-1,2
ATGGGAGAGCACACAG-1,1
ATGGGAGAGTCCCACG-1,2
ATGGGAGCAGCTCGCA-1,2
ATGGGAGCAGTACACT-1,1
ATGGGAGCATCAGTCA-1,4
ATGGGAGGTAAACCTC-1,3
ATGGGAGGTAGCGTGA-1,3
ATGGGAGGTCTTGATG-1,1
ATGGGAGTCAACTCTT-1,4
ATGGGAGTCGACAGCC-1,1
ATGTGTGAGAGGGATA-1,1
ATGTGTGAGAGTCTGG-1,4
ATGTGTGAGCACCGTC-1,2
ATGTGTGAGCCCTAAT-1,1
ATGTGTGAGGGCATGT-1,5
ATGTGTGCATGCAACT-1,4
ATGTGTGGTCCCTACT-1,2
ATGTGTGGTCTTCAAG-1,1
ATGTGTGGTGCACTTA-1,4
ATGTGTGTCAGGTAAA-1,1
ATGTGTGTCTCTGCTG-1,4
ATTACTCAGAGGGATA-1,4
ATTACTCAGCCACGCT-1,2
ATTACTCAGTGATCGG-1,4
ATTACTCCACAAGTAA-1,1
ATTACTCGTACTCAAC-1,4
ATTACTCGTGAACCTT-1,3
ATTACTCTCGGCCGAT-1,2
ATTATCCAGAGGGCTT-1,1
ATTATCCAGGGTCTCC-1,4
ATTATCCCAATAGCAA-1,1
ATTATCCCAGTATAAG-1,1
ATTATCCGTAAATGAC-1,1
ATTATCCGTCTCTCGT-1,3
ATTATCCTCGGATGTT-1,3
ATTCTACCAAGTAGTA-1,4
ATTCTACGTCGAGTTT-1,3
ATTCTACGTTCGCGAC-1,2
ATTCTACTCATCGCTC-1,1
ATTGGACAGAGTACAT-1,1
ATTGGACAGCACCGTC-1,1
ATTGGACAGCGTTCCG-1,4
ATTGGACAGTACGTAA-1,2
ATTGGACAGTGACATA-1,1
ATTGGACCAGAAGCAC-1,4
ATTGGACCATCGGGTC-1,2
ATTGGACGTCGACTAT-1,1
ATTGGACGTCTGCGGT-1,3
ATTGGACGTCTTCGTC-1,2
ATTGGACGTTCACGGC-1,3
ATTGGACTCCTCATTA-1,2
ATTGGACTCCTGTACC-1,3
ATTGGACTCGAATGCT-1,1
ATTGGACTCTTCAACT-1,2
ATTGGACTCTTGTACT-1,4
ATTGGTGAGGAATTAC-1,1
ATTGGTGCATCAGTAC-1,4
ATTGGTGGTCCGTCAG-1,2
ATTGGTGGTCGCTTTC-1,1
ATTGGTGGTCTTGTCC-1,2
ATTGGTGGTTACGACT-1,1
ATTGGTGTCGTTGACA-1,2
ATTTCTGAGTCATGCT-1,1
ATTTCTGCAAGAGTCG-1,3
ATTTCTGGTGACAAAT-1,1
ATTTCTGTCACCTTAT-1,4
ATTTCTGTCTGGGCCA-1,2
CAACCAAAGCGTAGTG-1,2
CAACCAAAGTTACGGG-1,3
CAACCAACACAGACAG-1,5
CAACCAACAGGGTTAG-1,2
CAACCAACATTCACTT-1,4
CAACCAAGTAAGAGGA-1,2
CAACCAATCTCGCATC-1,1
CAACCTCAGATAGGAG-1,2
CAACCTCGTAGGCATG-1,1
CAACCTCTCAACACGT-1,3
CAACCTCTCTGCTGTC-1,3
CAACTAGAGAAACCAT-1,4
CAACTAGAGGTGCAAC-1,3
CAACTAGAGTGTGAAT-1,3
CAACTAGCAACTGCGC-1,1
CAACTAGCACACCGAC-1,2
CAACTAGGTAGCTTGT-1,1
CAACTAGGTGCACTTA-1,2
CAACTAGGTTAAAGTG-1,1
CAACTAGTCAGCATGT-1,4
CAACTAGTCAGTTAGC-1,1
CAACTAGTCCTCTAGC-1,1
CAAGAAAAGACTAGAT-1,2
CAAGAAAAGCTGCGAA-1,1
CAAGAAAAGGCTAGGT-1,1
CAAGAAACACAGTCGC-1,6
CAAGAAACACGTCTCT-1,1
CAAGAAACAGCTATTG-1,4
CAAGAAACAGTCGATT-1,3
CAAGAAATCCAGAAGG-1,1
CAAGAAATCCGCTGTT-1,1
CAAGAAATCGAACGGA-1,2
CAAGAAATCTCTAAGG-1,2
CAAGATCAGATACACA-1,4
CAAGATCCACATAACC-1,3
CAAGATCCAGCTTCGG-1,1
CAAGATCCATGGATGG-1,2
CAAGATCGTAAATGTG-1,2
CAAGATCGTCGAACAG-1,1
CAAGATCGTCGCATAT-1,2
CAAGATCTCACCTCGT-1,1
CAAGATCTCATCGGAT-1,2
CAAGGCCAGACGACGT-1,1
CAAGGCCAGAGCTATA-1,2
CAAGGCCAGCGATAGC-1,1
CAAGGCCAGCGTTCCG-1,2
CAAGGCCCACCTTGTC-1,3
CAAGGCCCAGGGATTG-1,1
CAAGGCCGTATCAGTC-1,3
CAAGGCCGTCGCATAT-1,1
CAAGGCCGTCGCTTTC-1,1
CAAGGCCGTGAACCTT-1,6
CAAGGCCTCCGTAGGC-1,2
CAAGGCCTCTCGCTTG-1,3
CAAGTTGAGATCCTGT-1,2
CAAGTTGCAAGCGAGT-1,1
CAAGTTGCAATCTGCA-1,1
CAAGTTGCATACTCTT-1,1
CAAGTTGCATCAGTCA-1,1
CAAGTTGGTCAGATAA-1,1
CAAGTTGGTTCTGAAC-1,1
CAAGTTGTCACGCATA-1,4
CAAGTTGTCCGCGTTT-1,5
CAAGTTGTCTATGTGG-1,1
CAAGTTGTCTGCTTGC-1,1
CACAAACAGACTGGGT-1,2
CACAAACAGCCAGGAT-1,3
CACAAACAGTGTGGCA-1,3
CACAAACGTAGATTAG-1,2
CACAAACGTCAAAGAT-1,3
CACAAACGTGCTTCTC-1,2
CACAAACTCCGCATAA-1,1
CACAAACTCCGTAGGC-1,1
CACAAACTCGGTGTTA-1,1
CACAAACTCTTAACCT-1,3
CACACAAAGCAAATCA-1,3
CACACAAAGCGTAGTG-1,1
CACACAAAGTGAATTG-1,5
CACACAAAGTTATCGC-1,1
CACACAACAGCTCCGA-1,1
CACACAACAGTCTTCC-1,1
CACACAAGTACATGTC-1,1
CACACAAGTGAGTGAC-1,2
CACACAAGTTCAGCGC-1,1
CACACAATCAATAAGG-1,1
CACACAATCCTGTACC-1,2
CACACCTAGATCTGAA-1,1
CACACCTAGTGAACGC-1,2
CACACCTCAGACGTAG-1,4
CACACCTGTATCGCAT-1,1
CACACCTGTGCCTGGT-1,1
CACACCTGTTAGAACA-1,3
CACACCTTCGAATCCA-1,2
CACACCTTCGGTCTAA-1,3
CACACTCAGAAGAAGC-1,3
CACACTCCAATACGCT-1,4
CACACTCCACCCATGG-1,1
CACACTCCAGACAAGC-1,1
CACACTCCAGTAACGG-1,4
CACACTCGTACAGTTC-1,4
CACACTCGTACGACCC-1,1
CACAGGCAGAAACCGC-1,5
CACAGGCAGCTCAACT-1,1
CACAGGCAGTGGCACA-1,2
CACAGGCCAAGCGCTC-1,2
CACAGGCCACGAAAGC-1,4
CACAGGCGTGATGTCT-1,2
CACAGGCGTGGTACAG-1,2
CACAGGCTCAATACCG-1,2
CACAGGCTCACGGTTA-1,3
CACAGTAAGAGGTTAT-1,1
CACAGTAAGGATCGCA-1,4
CACAGTACATACGCTA-1,1
CACAGTAGTATCACCA-1,1
CACAGTAGTCTGCCAG-1,2
CACAGTAGTCTGGTCG-1,4
CACAGTAGTTCGTCTC-1,1
CACAGTATCTCTTGAT-1,1
CACATAGAGACACTAA-1,3
CACATAGCAAGACGTG-1,1
CACATAGCAAGGACTG-1,3
CACATAGCACCTGGTG-1,1
CACATAGCATAGAAAC-1,2
CACATAGCATGAACCT-1,2
CACATAGGTCATCGGC-1,1
CACATAGGTGAAGGCT-1,1
CACATAGGTGCGCTTG-1,1
CACATAGGTTTGGGCC-1,2
CACATAGTCATGTGGT-1,7
CACATAGTCTCGCATC-1,2
CACATTTCAACACCTA-1,2
CACATTTCAGCTTAAC-1,1
CACATTTCATCACCCT-1,2
CACATTTGTACCGTAT-1,3
CACATTTGTAGCTCCG-1,1
CACATTTTCAAGGCTT-1,1
CACATTTTCCAAACAC-1,4
CACATTTTCCACGTGG-1,3
CACATTTTCCGTTGCT-1,1
CACCACTCACGTTGGC-1,4
CACCACTGTTCAGCGC-1,2
CACCACTTCACAGGCC-1,1
CACCACTTCATCGGAT-1,3
CACCACTTCCGATATG-1,1
CACCACTTCTGCAAGT-1,4
CACCAGGCAATCGAAA-1,2
CACCAGGCATGGATGG-1,4
CACCAGGGTATTCTCT-1,6
CACCAGGGTGACAAAT-1,1
CACCAGGTCAAGAAGT-1,1
CACCAGGTCGAGGTAG-1,1
CACCAGGTCGGACAAG-1,1
CACCAGGTCTTCGAGA-1,1
CACCTTGAGCAGATCG-1,1
CACCTTGCAACTGGCC-1,4
CACCTTGCAATGAATG-1,1
CACCTTGCACAGCCCA-1,2
CACCTTGGTATTCGTG-1,1
CACCTTGGTCGAACAG-1,2
CACCTTGGTGGTCCGT-1,7
CACCTTGTCGTGGTCG-1,1
CACCTTGTCTCCTATA-1,4
CACTCCAAGAACAATC-1,1
CACTCCACAGTGAGTG-1,4
CACTCCAGTAACGCGA-1,1
CACTCCAGTCTCGTTC-1,4
CACTCCATCGGCCGAT-1,1
CACTCCATCGTGACAT-1,1
CACTCCATCTGAAAGA-1,2
CAGAATCAGAGACTAT-1,1
CAGAATCAGATGTGGC-1,3
CAGAATCAGCGACGTA-1,2
CAGAATCCAATGAAAC-1,4
CAGAATCCATCTCGCT-1,4
CAGAATCCATTAGGCT-1,1
CAGAATCCATTGAGCT-1,3
CAGAATCGTAATTGGA-1,3
CAGAATCGTCTAGAGG-1,3
CAGAATCTCCAACCAA-1,1
CAGAATCTCTCTGAGA-1,4
CAGAGAGAGAGTTGGC-1,1
CAGAGAGAGCTAAACA-1,3
CAGAGAGAGGTCGGAT-1,1
CAGAGAGAGTCCATAC-1,3
CAGAGAGAGTGCCAGA-1,2
CAGAGAGAGTTATCGC-1,1
CAGAGAGCACATGGGA-1,4
CAGAGAGCAGTAGAGC-1,4
CAGAGAGCAGTGGAGT-1,1
CAGAGAGGTAAACCTC-1,1
CAGAGAGGTGAGGGAG-1,4
CAGAGAGGTTCGTGAT-1,2
CAGAGAGTCGAATGCT-1,3
CAGAGAGTCGTCTGCT-1,5
CAGAGAGTCTCCTATA-1,4
CAGATCAAGCAATCTC-1,1
CAGATCAGTAAGTAGT-1,2
CAGATCATCACGCATA-1,1
CAGATCATCAGCACAT-1,1
CAGATCATCATTATCC-1,1
CAGATCATCTGATTCT-1,3
CAGATCATCTTGCAAG-1,1
CAGCAGCAGAAGAAGC-1,4
CAGCAGCAGAATCTCC-1,4
CAGCAGCAGAGTAAGG-1,1
CAGCAGCAGATGCGAC-1,1
CAGCAGCAGGGTGTTG-1,1
CAGCAGCCATAACCTG-1,1
CAGCAGCCATGTCTCC-1,2
CAGCAGCGTATTCGTG-1,1
CAGCAGCGTCGGCTCA-1,3
CAGCAGCGTCTAGCCG-1,1
CAGCAGCGTTTACTCT-1,5
CAGCATAAGACTTGAA-1,2
CAGCATAAGTACGTTC-1,4
CAGCATAAGTCAAGGC-1,1
CAGCATAAGTTGAGTA-1,1
CAGCATACAAGTTAAG-1,3
CAGCATAGTTAGATGA-1,4
CAGCATATCATTGCGA-1,4
CAGCATATCCCTGACT-1,4
CAGCATATCGTTGCCT-1,1
CAGCCGAAGATCCCGC-1,4
CAGCCGAAGCGTAATA-1,2
CAGCCGAAGGTAGCTG-1,1
CAGCCGACACAGCGTC-1,3
CAGCCGACAGATTGCT-1,4
CAGCCGACAGTCGATT-1,4
CAGCCGACATGCGCAC-1,1
CAGCCGATCAATACCG-1,1
CAGCCGATCGCATGAT-1,1
CAGCCGATCGCTTGTC-1,1
CAGCCGATCTGTCTCG-1,1
CAGCGACAGAGTGACC-1,2
CAGCGACAGCATCATC-1,1
CAGCGACAGCTAGGCA-1,1
CAGCGACAGTGACTCT-1,1
CAGCGACCAAGCGAGT-1,2
CAGCGACCACACAGAG-1,1
CAGCGACCACCGTTGG-1,3
CAGCGACGTCTCCATC-1,4
CAGCGACGTGCCTTGG-1,1
CAGCGACGTGTGAAAT-1,1
CAGCGACGTGTGCCTG-1,2
CAGCGACGTTCTGGTA-1,5
CAGCGACGTTGTACAC-1,4
CAGCTAAAGATGCCTT-1,1
CAGCTAAAGCGCCTTG-1,1
CAGCTAAAGGCTCATT-1,2
CAGCTAACAAACTGTC-1,1
CAGCTAACAAGCGTAG-1,3
CAGCTAAGTACTTCTT-1,2
CAGCTAAGTCCGACGT-1,1
CAGCTAAGTCTTGATG-1,2
CAGCTAAGTGCTAGCC-1,4
CAGCTAATCCTTAATC-1,5
CAGCTAATCGCTAGCG-1,1
CAGCTGGCAGCTGCAC-1,2
CAGCTGGCAGTCGATT-1,1
CAGCTGGCATTCACTT-1,1
CAGCTGGGTAGTGAAT-1,4
CAGCTGGGTTGCGTTA-1,2
CAGCTGGTCGGCATCG-1,3
CAGCTGGTCTTCTGGC-1,2
CAGGTGCAGATCACGG-1,1
CAGGTGCAGGGTGTGT-1,1
CAGGTGCCAAGCTGTT-1,1
CAGGTGCCACTGTGTA-1,1
CAGGTGCGTAAATGAC-1,1
CAGGTGCGTATTACCG-1,2
CAGGTGCGTCGACTAT-1,3
CAGGTGCGTGGTACAG-1,1
CAGGTGCGTGTGGCTC-1,3
CAGGTGCGTTATTCTC-1,2
CAGTAACAGAGCTGGT-1,1
CAGTAACAGCCAACAG-1,2
CAGTAACAGGCCATAG-1,1
CAGTAACCAAAGGCGT-1,3
CAGTAACCAATGGTCT-1,3
CAGTAACCATGCCACG-1,2
CAGTAACCATGCGCAC-1,2
CAGTAACGTACAGACG-1,2
CAGTAACTCAAAGTAG-1,4
CAGTAACTCAACACTG-1,1
CAGTCCTAGAATTCCC-1,3
CAGTCCTAGATCCCAT-1,1
CAGTCCTAGCTAGCCC-1,4
CAGTCCTCACGAAGCA-1,2
CAGTCCTTCGGCGCAT-1,5
CAGTCCTTCTCACATT-1,1
CATATGGAGCGCCTCA-1,1
CATATGGAGCTCCTTC-1,2
CATATGGAGTACCGGA-1,4
CATATGGAGTAGCCGA-1,2
CATATGGAGTCGATAA-1,1
CATATGGCACAACGCC-1,1
CATATGGCACAGGAGT-1,3
CATATGGGTGGGTATG-1,1
CATATGGGTTCAACCA-1,2
CATATGGGTTTAAGCC-1,3
CATATGGTCAACGCTA-1,5
CATATTCAGTCTTGCA-1,2
CATATTCCAGGTTTCA-1,4
CATATTCGTATGAAAC-1,1
CATATTCGTCATGCCG-1,4
CATATTCGTGCCTTGG-1,3
CATATTCGTGCTTCTC-1,1
CATATTCTCGGAGGTA-1,1
CATATTCTCTCTTGAT-1,4
CATATTCTCTTGCATT-1,1
CATCAAGCAACTGCGC-1,1
CATCAAGCATGCAACT-1,3
CATCAAGGTGCGGTAA-1,4
CATCAAGGTGGCAAAC-1,2
CATCAAGTCACGACTA-1,2
CATCAAGTCCACGTGG-1,1
CATCAAGTCGCCAGCA-1,2
CATCAAGTCTCTGCTG-1,1
CATCAAGTCTTAACCT-1,1
CATCAGAAGAAACGCC-1,1
CATCAGAAGACAATAC-1,1
CATCAGAAGGGTATCG-1,1
CATCAGACACTCGACG-1,1
CATCAGAGTAACGACG-1,1
CATCAGAGTGACTCAT-1,4
CATCAGAGTTGCCTCT-1,4
CATCAGATCCGCGCAA-1,4
CATCAGATCGTCACGG-1,3
CATCCACAGACTAGGC-1,2
CATCCACAGCCCTAAT-1,1
CATCCACAGCGACGTA-1,4
CATCCACAGGCTATCT-1,5
CATCCACAGTTGTCGT-1,2
CATCCACCAAGGACAC-1,1
CATCCACCAAGTTCTG-1,2
CATCCACGTAAGGGAA-1,2
CATCCACGTGGAAAGA-1,1
CATCCACGTTCCGGCA-1,1
CATCCACTCCTTAATC-1,1
CATCGAAAGCAGGCTA-1,5
CATCGAAAGCTGTCTA-1,2
CATCGAAAGGGCTTGA-1,2
CATCGAAAGTCATGCT-1,4
CATCGAACAGTAAGAT-1,3
CATCGAACATCAGTCA-1,4
CATCGAAGTAAATGTG-1,1
CATCGAATCAGCTTAG-1,1
CATCGAATCCCACTTG-1,4
CATCGAATCCTTTACA-1,4
CATCGAATCGACAGCC-1,1
CATCGAATCGAGAGCA-1,3
CATCGAATCTGCGGCA-1,2
CATCGGGAGTGAATTG-1,3
CATCGGGCAATACGCT-1,2
CATCGGGCACATGGGA-1,4
CATCGGGCAGACAAAT-1,1
CATCGGGCAGCTCCGA-1,1
CATCGGGCAGTGAGTG-1,2
CATCGGGCATGTCTCC-1,1
CATCGGGCATTATCTC-1,1
CATCGGGTCATCTGTT-1,1
CATCGGGTCATGTCTT-1,4
CATCGGGTCCCGACTT-1,4
CATGACAAGGGATACC-1,3
CATGACAAGTGTACTC-1,1
CATGACACAGATGAGC-1,2
CATGACAGTACCGAGA-1,2
CATGACAGTAGCCTCG-1,2
CATGACAGTCCATGAT-1,2
CATGACAGTGATGCCC-1,1
CATGACATCAACGAAA-1,1
CATGACATCGAGAGCA-1,1
CATGACATCGGATGTT-1,1
CATGCCTAGCATCATC-1,3
CATGCCTAGGTTCCTA-1,4
CATGCCTCAAGCGCTC-1,2
CATGCCTCAAGTAATG-1,1
CATGCCTCACCGAATT-1,2
CATGCCTCAGACAAAT-1,2
CATGCCTTCGCCCTTA-1,2
CATGCCTTCGGCGCTA-1,2
CATGGCGAGAGATGAG-1,4
CATGGCGAGCTGAAAT-1,6
CATGGCGAGCTGCCCA-1,3
CATGGCGCAGTAGAGC-1,4
CATGGCGCATATACCG-1,2
CATGGCGGTAGCGATG-1,2
CATGGCGGTCATGCAT-1,2
CATGGCGGTCCAGTGC-1,1
CATGGCGGTGGCTCCA-1,1
CATGGCGGTTCAGGCC-1,1
CATGGCGTCCATGAGT-1,1
CATGGCGTCGCCTGTT-1,1
CATGGCGTCGGACAAG-1,3
CATTATCAGCTGAAAT-1,1
CATTATCAGCTGCGAA-1,1
CATTATCCAAATTGCC-1,2
CATTATCCAGTGGGAT-1,4
CATTATCGTAAGCACG-1,3
CATTATCGTCTCACCT-1,1
CATTATCGTCTCTTTA-1,2
CATTATCGTGGGTCAA-1,2
CATTATCTCAACTCTT-1,2
CATTATCTCAGAGACG-1,2
CATTATCTCGACCAGC-1,1
CATTATCTCTAACTCT-1,1
CATTATCTCTCGATGA-1,2
CATTATCTCTCTAGGA-1,1
CATTCGCAGACCTAGG-1,4
CATTCGCAGCCGATTT-1,1
CATTCGCCAAAGGTGC-1,4
CATTCGCCATATACCG-1,1
CATTCGCGTACCGCTG-1,3
CATTCGCGTACTCAAC-1,2
CATTCGCGTTCCACAA-1,1
CATTCGCGTTCCACGG-1,1
CATTCGCTCTATCCCG-1,3
CCAATCCCAAACCTAC-1,1
CCAATCCCAAGCCGTC-1,2
CCAATCCCATCCCATC-1,4
CCAATCCGTATTCGTG-1,4
CCAATCCGTCTAGGTT-1,1
CCAATCCTCGAATCCA-1,1
CCAATCCTCTGCTGCT-1,1
CCACCTAAGAGAGCTC-1,2
CCACCTAAGGCTAGCA-1,4
CCACCTAAGTGGAGAA-1,1
CCACCTACAAGCCGTC-1,1
CCACCTACACCGATAT-1,1
CCACCTACATTGAGCT-1,4
CCACCTAGTACCGTAT-1,2
CCACCTAGTGAACCTT-1,3
CCACCTAGTTGTGGCC-1,4
CCACCTATCATCTGTT-1,2
CCACCTATCCAACCAA-1,2
CCACCTATCTGTCTAT-1,2
CCACGGAAGTGTACCT-1,1
CCACGGACAGAGTGTG-1,1
CCACGGACATGCCTTC-1,1
CCACGGACATTAACCG-1,4
CCACGGAGTAATAGCA-1,2
CCACGGAGTGAGGGAG-1,2
CCACGGAGTTTGGCGC-1,1
CCACGGATCAGTTCGA-1,4
CCACTACAGACGACGT-1,1
CCACTACAGCTAGTGG-1,2
CCACTACCACGGACAA-1,3
CCACTACCATCGGAAG-1,1
CCACTACGTAGCGCTC-1,1
CCACTACGTCAATGTC-1,4
CCACTACGTCGAAAGC-1,3
CCACTACTCATGTAGC-1,1
CCACTACTCTCTGCTG-1,4
CCAGCGAAGATCCGAG-1,1
CCAGCGAAGCTGGAAC-1,1
CCAGCGAAGTCAAGCG-1,1
CCAGCGAAGTTGCAGG-1,4
CCAGCGACACAACGCC-1,1
CCAGCGAGTTCGTCTC-1,1
CCAGCGATCAGTTTGG-1,1
CCAGCGATCGGAAACG-1,2
CCAGCGATCTTCATGT-1,2
CCATGTCAGCCACCTG-1,3
CCATGTCCACTTACGA-1,4
CCATGTCGTAAGTGTA-1,2
CCATGTCGTGCACGAA-1,1
CCATGTCGTGCCTTGG-1,1
CCATGTCGTTACGACT-1,2
CCATGTCTCCGCAAGC-1,1
CCATGTCTCGTCTGAA-1,3
CCATTCGAGACACTAA-1,1
CCATTCGAGCTAACTC-1,5
CCATTCGAGTCCATAC-1,2
CCATTCGCACATCCAA-1,1
CCATTCGGTAGCCTAT-1,1
CCATTCGGTGGCAAAC-1,2
CCATTCGGTTCTGGTA-1,4
CCATTCGTCGGTTAAC-1,1
CCCAATCAGAATTCCC-1,2
CCCAATCCAAGGTGTG-1,4
CCCAATCCATACGCTA-1,1
CCCAATCCATGCGCAC-1,1
CCCAATCGTAGCTAAA-1,1
CCCAATCGTTACGTCA-1,1
CCCAATCGTTGCGCAC-1,1
CCCAATCTCGCCGTGA-1,4
CCCAGTTAGATATACG-1,2
CCCAGTTAGATGCGAC-1,2
CCCAGTTAGTTAGGTA-1,2
CCCAGTTCAAATCCGT-1,3
CCCAGTTCAAGTAATG-1,4
CCCAGTTGTAGCGTAG-1,2
CCCAGTTGTGAACCTT-1,3
CCCAGTTGTTGTACAC-1,1
CCCATACAGATGTGGC-1,2
CCCATACAGCGATCCC-1,1
CCCATACCACCATCCT-1,1
CCCATACCACTGCCAG-1,1
CCCATACGTCCTCTTG-1,2
CCCATACGTTGAACTC-1,2
CCCATACTCAATACCG-1,1
CCCATACTCCTTTCTC-1,3
CCCATACTCTTTCCTC-1,2
CCCTCCTAGACATAAC-1,4
CCCTCCTAGATGCCAG-1,2
CCCTCCTAGGGATGGG-1,1
CCCTCCTCAAGTCATC-1,2
CCCTCCTGTAGGGTAC-1,4
CCCTCCTGTCCGACGT-1,2
CCCTCCTTCAGTGCAT-1,3
CCCTCCTTCGAATGGG-1,1
CCCTCCTTCGCATGGC-1,3
CCCTCCTTCGGAGCAA-1,1
CCGGGATAGATGAGAG-1,4
CCGGGATAGCCAGGAT-1,1
CCGGGATAGGGATGGG-1,1
CCGGGATAGTAGTGCG-1,1
CCGGGATCAAGTAATG-1,2
CCGGGATCACCCATTC-1,4
CCGGGATCAGAGCCAA-1,4
CCGGGATCAGATAATG-1,4
CCGGGATCAGGTGCCT-1,2
CCGGGATCATCGATTG-1,1
CCGGGATCATGAGCGA-1,3
CCGGGATCATGCATGT-1,4
CCGGGATGTGCCTGTG-1,2
CCGGGATTCCCTCTTT-1,3
CCGGGATTCCTCAACC-1,1
CCGGGATTCCTTGACC-1,2
CCGGGATTCTCCAGGG-1,1
CCGGGATTCTTGTCAT-1,4
CCGGTAGAGCTGCAAG-1,2
CCGGTAGAGTTGCAGG-1,3
CCGGTAGCAATGGACG-1,4
CCGGTAGCATCAGTAC-1,1
CCGGTAGGTAGCCTAT-1,1
CCGGTAGGTCTCTCGT-1,2
CCGGTAGGTGCGCTTG-1,3
CCGTACTAGGATGCGT-1,1
CCGTACTAGGGATCTG-1,1
CCGTACTCACACATGT-1,1
CCGTACTCACGAGAGT-1,1
CCGTACTGTCATACTG-1,1
CCGTACTTCACAGTAC-1,3
CCGTACTTCATACGGT-1,2
CCGTACTTCGATAGAA-1,1
CCGTACTTCGGTCTAA-1,1
CCGTACTTCGTTGCCT-1,4
CCGTGGAAGGAGTTTA-1,4
CCGTGGAAGTAGGCCA-1,2
CCGTGGAAGTGATCGG-1,1
CCGTGGACAGTTCATG-1,1
CCGTGGAGTTCAGTAC-1,1
CCGTTCAAGAATCTCC-1,2
CCGTTCACAAGGCTCC-1,1
CCGTTCACACCCATGG-1,1
CCGTTCACATGAAGTA-1,1
CCGTTCAGTCACTGGC-1,4
CCGTTCAGTTCTGGTA-1,2
CCGTTCATCGCCCTTA-1,1
CCGTTCATCGTAGATC-1,1
CCGTTCATCTCGAGTA-1,4
CCGTTCATCTCGTTTA-1,2
CCTAAAGAGCTGTTCA-1,1
CCTAAAGCACATTTCT-1,2
CCTAAAGCATACTACG-1,3
CCTAAAGGTGATGTCT-1,4
CCTAAAGGTGTGAAAT-1,1
CCTAAAGTCAAAGACA-1,2
CCTAAAGTCGAATCCA-1,1
CCTAAAGTCGTGGACC-1,1
CCTAAAGTCTCTAAGG-1,4
CCTAAAGTCTGTCTCG-1,4
CCTACACAGAGTACCG-1,2
CCTACACAGCACACAG-1,1
CCTACACAGGTGACCA-1,1
CCTACACAGTGCAAGC-1,1
CCTACACCAAGCTGGA-1,3
CCTACACGTCTCAACA-1,1
CCTACACGTCTTCGTC-1,5
CCTACACGTGTTTGGT-1,3
CCTACACTCTGGGCCA-1,1
CCTACCAAGACGCAAC-1,3
CCTACCAAGCGCTTAT-1,3
CCTACCAAGTTTGCGT-1,1
CCTACCACAATAGCGG-1,3
CCTACCACACGGTTTA-1,1
CCTACCAGTGCGAAAC-1,2
CCTACCATCCAAACAC-1,2
CCTACCATCGAATGGG-1,2
CCTACCATCTGTTGAG-1,2
CCTAGCTAGTACGACG-1,3
CCTAGCTCAAACTGCT-1,1
CCTAGCTCAATGCCAT-1,4
CCTAGCTCACGTAAGG-1,4
CCTAGCTCAGACGCCT-1,3
CCTAGCTGTCGCGTGT-1,2
CCTAGCTGTGAGGCTA-1,1
CCTAGCTGTTACGCGC-1,1
CCTAGCTGTTGAGGTG-1,1
CCTAGCTTCCTAGTGA-1,4
CCTAGCTTCTTATCTG-1,3
CCTAGCTTCTTCAACT-1,1
CCTATTAAGTCTCGGC-1,4
CCTATTACACGAAGCA-1,3
CCTATTAGTAGTGAAT-1,1
CCTATTAGTCAAAGCG-1,3
CCTATTAGTCTAGCCG-1,1
CCTATTATCAAGCCTA-1,1
CCTATTATCTTACCGC-1,1
CCTCAGTAGAACTCGG-1,2
CCTCAGTCATGCTGGC-1,3
CCTCAGTGTAAGGGAA-1,2
CCTCAGTGTATGAATG-1,1
CCTCAGTTCACGGTTA-1,1
CCTCAGTTCAGCTTAG-1,1
CCTCTGAAGCAATCTC-1,3
CCTCTGAAGTGGTCCC-1,1
CCTCTGACAACTGGCC-1,2
CCTCTGACAATGAATG-1,1
CCTCTGACAGATCGGA-1,1
CCTCTGACATTACCTT-1,1
CCTCTGAGTCCGAAGA-1,1
CCTCTGAGTCTTTCAT-1,1
CCTCTGAGTGGGTATG-1,5
CCTCTGATCCGTAGTA-1,3
CCTCTGATCTTTACGT-1,1
CCTTACGAGATCCGAG-1,3
CCTTACGAGCCAGTTT-1,3
CCTTACGAGGAGTAGA-1,3
CCTTACGCATATACGC-1,4
CCTTACGTCAGGCCCA-1,3
CCTTACGTCTGCGACG-1,2
CCTTACGTCTGCGGCA-1,2
CCTTACGTCTTACCTA-1,1
CCTTCCCAGATTACCC-1,3
CCTTCCCAGGCTACGA-1,1
CCTTCCCGTACCGAGA-1,4
CCTTCCCGTTACCAGT-1,1
CCTTCCCGTTCCACAA-1,1
CCTTCCCTCCCTGACT-1,1
CCTTCCCTCTCCAACC-1,2
CCTTCCCTCTTCCTTC-1,2
CCTTCGAAGCGGATCA-1,2
CCTTCGAAGTGCAAGC-1,1
CCTTCGAAGTTAGCGG-1,1
CCTTCGACACTATCTT-1,4
CCTTCGATCAGGCGAA-1,3
CCTTTCTAGTACGCCC-1,4
CCTTTCTCAAAGAATC-1,1
CCTTTCTCACTCGACG-1,1
CCTTTCTCATCGGAAG-1,3
CCTTTCTTCATTGCCC-1,1
CCTTTCTTCCACGCAG-1,1
CCTTTCTTCGTCCGTT-1,3
CCTTTCTTCTACTCAT-1,1
CGAACATAGCAGCGTA-1,2
CGAACATAGCTGAAAT-1,5
CGAACATCACAGACAG-1,1
CGAACATCACTCAGGC-1,4
CGAACATGTATTCTCT-1,1
CGAACATGTTACAGAA-1,2
CGAACATTCACATGCA-1,1
CGAACATTCCGAAGAG-1,2
CGAATGTAGTACGATA-1,3
CGAATGTAGTACTTGC-1,1
CGAATGTCAACACGCC-1,2
CGAATGTCACCAGGTC-1,1
CGAATGTCATACAGCT-1,3
CGAATGTCATCACCCT-1,5
CGAATGTGTACCATCA-1,2
CGAATGTGTAGAAAGG-1,8
CGAATGTTCCACGACG-1,2
CGAATGTTCTGAAAGA-1,3
CGACCTTAGACCCACC-1,1
CGACCTTAGGAGCGTT-1,4
CGACCTTAGTACACCT-1,1
CGACCTTCAGTATCTG-1,2
CGACCTTCATTCTTAC-1,1
CGACCTTCATTGGGCC-1,1
CGACCTTGTAGTAGTA-1,3
CGACCTTGTCAGCTAT-1,3
CGACCTTGTTGATTGC-1,5
CGACCTTTCATCACCC-1,3
CGACCTTTCATGTGGT-1,2
CGACCTTTCGGAAACG-1,2
CGACCTTTCGGAAATA-1,2
CGACTTCAGAAGAAGC-1,2
CGACTTCCAAACGCGA-1,3
CGACTTCCAATCCGAT-1,2
CGACTTCCAATGCCAT-1,4
CGACTTCCACTTCTGC-1,4
CGACTTCCAGTAAGCG-1,2
CGACTTCTCAGTTCGA-1,1
CGACTTCTCGTCCAGG-1,2
CGAGAAGAGTTGAGTA-1,2
CGAGAAGCACCATGTA-1,2
CGAGAAGGTACTCGCG-1,1
CGAGAAGGTAGAGGAA-1,3
CGAGAAGGTGTTTGGT-1,1
CGAGAAGGTTCCACGG-1,2
CGAGAAGTCACCTCGT-1,1
CGAGAAGTCCGTCATC-1,2
CGAGCACGTTACTGAC-1,2
CGAGCACGTTGGTAAA-1,4
CGAGCACTCACAGTAC-1,2
CGAGCACTCCACGTTC-1,1
CGAGCACTCTTTACAC-1,4
CGAGCCAAGCTACCGC-1,1
CGAGCCAAGGTGGGTT-1,1
CGAGCCACAAGTCTAC-1,1
CGAGCCAGTACATCCA-1,2
CGAGCCATCACTCTTA-1,1
CGAGCCATCCACGTTC-1,4
CGAGCCATCCGAGCCA-1,2
CGAGCCATCTGCAAGT-1,1
CGATCGGAGGACACCA-1,2
CGATCGGAGGATATAC-1,1
CGATCGGAGGTGGGTT-1,2
CGATCGGCAAACAACA-1,3
CGATCGGCACGTAAGG-1,4
CGATCGGCAGTTCCCT-1,3
CGATCGGCATAGAAAC-1,2
CGATCGGGTAGTACCT-1,1
CGATCGGGTTCTGAAC-1,5
CGATCGGTCATCGCTC-1,1
CGATCGGTCATGTCCC-1,2
CGATCGGTCGCGTTTC-1,1
CGATGGCAGCTAAACA-1,1
CGATGGCCAAGACACG-1,1
CGATGGCCAATAACGA-1,1
CGATGGCGTTCCTCCA-1,3
CGATGGCGTTGAACTC-1,1
CGATGTAAGCGTTCCG-1,4
CGATGTAAGTTCGCGC-1,5
CGATGTACACTTCTGC-1,1
CGATGTACAGCCTATA-1,1
CGATGTAGTAGAGCTG-1,4
CGATGTAGTGGGTCAA-1,3
CGATGTAGTGTCGCTG-1,1
CGATGTATCGGACAAG-1,1
CGATGTATCGGATGGA-1,2
CGATGTATCGGCGCTA-1,2
CGATGTATCGTACCGG-1,3
CGATTGAAGGCTAGCA-1,1
CGATTGAAGTACTTGC-1,4
CGATTGACAAGAGGCT-1,1
CGATTGACAGCATGAG-1,2
CGATTGACATACGCCG-1,2
CGATTGACATGCATGT-1,1
CGATTGAGTACTTCTT-1,2
CGATTGAGTAGATTAG-1,2
CGATTGATCAAACAAG-1,1
CGATTGATCAGGTTCA-1,1
CGCCAAGCATCTCCCA-1,3
CGCCAAGGTCGGGTCT-1,1
CGCCAAGGTCTACCTC-1,3
CGCCAAGTCATGCATG-1,2
CGCCAAGTCCCTGACT-1,3
CGCCAAGTCGCTTGTC-1,1
CGCGGTAAGCCAGTTT-1,4
CGCGGTAAGGGAACGG-1,2
CGCGGTACAAACGTGG-1,3
CGCGGTACAAGGTGTG-1,1
CGCGGTACAGACAAGC-1,4
CGCGGTACAGGTCCAC-1,4
CGCGGTACATGCATGT-1,2
CGCGGTAGTAAGAGGA-1,1
CGCGGTAGTAGGGTAC-1,3
CGCGGTAGTCTCTCTG-1,2
CGCGGTAGTGATAAGT-1,2
CGCGGTAGTTGGTAAA-1,1
CGCGGTAGTTGGTGGA-1,5
CGCGGTATCAACTCTT-1,1
CGCGGTATCGCACTCT-1,4
CGCGGTATCGGATGGA-1,4
CGCGGTATCGGTGTTA-1,2
CGCGGTATCGTACGGC-1,2
CGCGGTATCTTGAGGT-1,2
CGCGTTTAGCAGCGTA-1,1
CGCGTTTAGCCCAACC-1,2
CGCGTTTAGCTAGTCT-1,3
CGCGTTTCAAAGAATC-1,1
CGCGTTTGTACTCTCC-1,3
CGCGTTTGTAGATTAG-1,1
CGCGTTTTCCTCATTA-1,1
CGCGTTTTCTGCTTGC-1,5
CGCTATCAGACTTGAA-1,1
CGCTATCCACGTGAGA-1,1
CGCTATCCAGGTGCCT-1,1
CGCTATCGTTCGTCTC-1,1
CGCTATCTCTTAACCT-1,2
CGCTGGAGTTGATTGC-1,2
CGCTTCAAGACTAAGT-1,1
CGCTTCAAGCTCTCGG-1,2
CGCTTCAAGTGACTCT-1,4
CGCTTCAGTTATGCGT-1,1
CGCTTCAGTTTGTTGG-1,1
CGCTTCATCAACGGCC-1,4
CGCTTCATCATGCATG-1,2
CGGACACAGACGCAAC-1,2
CGGACACAGCGCCTCA-1,2
CGGACACAGGTGCTAG-1,1
CGGACACAGTGCGATG-1,1
CGGACACGTAATCGTC-1,2
CGGACACGTCTAACGT-1,1
CGGACACTCGGTCCGA-1,1
CGGACACTCTGCTTGC-1,3
CGGACGTAGACTCGGA-1,1
CGGACGTAGAGCTATA-1,2
CGGACGTAGGAGCGAG-1,1
CGGACGTAGGGTATCG-1,1
CGGACGTCACATCCAA-1,3
CGGACGTCAGGCGATA-1,1
CGGACGTCAGGGAGAG-1,2
CGGACGTGTCTTTCAT-1,5
CGGACGTTCAAACAAG-1,6
CGGACTGAGATGTGTA-1,1
CGGACTGAGCTGCAAG-1,3
CGGACTGAGTTAGGTA-1,4
CGGACTGCACCATCCT-1,2
CGGACTGGTGGAAAGA-1,2
CGGACTGGTGTTCGAT-1,1
CGGACTGTCAAACCGT-1,1
CGGACTGTCAGTTCGA-1,3
CGGACTGTCGGATGGA-1,5
CGGACTGTCGGCGGTT-1,3
CGGACTGTCTTTACAC-1,1
CGGAGCTAGATGCCAG-1,3
CGGAGCTAGCTGCCCA-1,2
CGGAGCTCAAGGTTCT-1,1
CGGAGCTGTCAAAGAT-1,1
CGGAGCTGTCCAAGTT-1,1
CGGAGCTGTCTAGCCG-1,1
CGGAGCTTCGCAGGCT-1,1
CGGAGCTTCTACCTGC-1,1
CGGAGCTTCTTAACCT-1,4
CGGAGTCAGACAGAGA-1,1
CGGAGTCCATCTCCCA-1,4
CGGAGTCGTCGAATCT-1,3
CGGAGTCGTTGATTCG-1,4
CGGAGTCTCTTTAGTC-1,1
CGGCTAGAGAGCCTAG-1,4
CGGCTAGAGCTTCGCG-1,1
CGGCTAGCACATCCGG-1,2
CGGCTAGCAGATAATG-1,1
CGGCTAGCAGCTGTTA-1,6
CGGCTAGCAGGAACGT-1,3
CGGCTAGGTATGAATG-1,3
CGGCTAGGTCTCACCT-1,3
CGGCTAGGTTCGCTAA-1,1
CGGCTAGGTTTCCACC-1,2
CGGCTAGTCTACCTGC-1,1
CGGGTCAAGAACAATC-1,3
CGGGTCAAGCCACGCT-1,2
CGGGTCAAGCGAGAAA-1,1
CGGGTCAAGGACAGAA-1,1
CGGGTCAGTCAACTGT-1,4
CGGGTCAGTGTGACGA-1,1
CGGGTCAGTTACGACT-1,1
CGGGTCATCGCCTGTT-1,2
CGGTTAAAGAGTTGGC-1,5
CGGTTAAAGTTTCCTT-1,2
CGGTTAACAACGATCT-1,3
CGGTTAACAAGTCTAC-1,3
CGGTTAAGTAAGCACG-1,4
CGGTTAAGTGATGCCC-1,1
CGGTTAATCCGTAGGC-1,1
CGGTTAATCCTGTACC-1,3
CGTAGCGAGAATGTTG-1,1
CGTAGCGAGCGTCTAT-1,5
CGTAGCGAGGGAGTAA-1,1
CGTAGCGCAAAGTCAA-1,2
CGTAGCGCACTGCCAG-1,1
CGTAGCGCATGTTCCC-1,3
CGTAGCGTCTGGCGTG-1,4
CGTAGCGTCTTGCATT-1,1
CGTAGGCAGCTGATAA-1,2
CGTAGGCCAAAGGAAG-1,5
CGTAGGCCAGACTCGC-1,1
CGTAGGCCATCTATGG-1,3
CGTAGGCCATGCCCGA-1,4
CGTAGGCGTATAGGGC-1,1
CGTAGGCTCCAAGTAC-1,4
CGTCACTAGACTCGGA-1,1
CGTCACTAGTGTCTCA-1,1
CGTCACTCAATGGAAT-1,1
CGTCACTCACTTACGA-1,1
CGTCACTTCTGAAAGA-1,1
CGTCAGGAGAGACTAT-1,1
CGTCAGGCACCGGAAA-1,2
CGTCAGGCAGATGGCA-1,1
CGTCAGGGTAAAGTCA-1,2
CGTCAGGTCAGCATGT-1,4
CGTCAGGTCTGTCCGT-1,3
CGTCAGGTCTTCAACT-1,4
CGTCCATAGACCACGA-1,1
CGTCCATAGCATCATC-1,1
CGTCCATAGTGGGCTA-1,2
CGTCCATAGTGTACGG-1,4
CGTCCATCACAGCGTC-1,4
CGTCCATCATTAACCG-1,1
CGTCCATGTGACTCAT-1,2
CGTCCATTCGCCAGCA-1,1
CGTCCATTCGTGGTCG-1,1
CGTCCATTCGTTTGCC-1,1
CGTCCATTCTTCGAGA-1,1
CGTCTACAGAGTGACC-1,1
CGTCTACAGTCTTGCA-1,3
CGTCTACCAAGGTTCT-1,3
CGTCTACCACAAGCCC-1,1
CGTCTACCAGCCTGTG-1,1
CGTCTACCATATGGTC-1,1
CGTCTACGTCATATCG-1,3
CGTCTACGTCTAACGT-1,3
CGTCTACGTGACTCAT-1,3
CGTCTACGTGGACGAT-1,1
CGTGAGCAGCTGTCTA-1,1
CGTGAGCAGTAGATGT-1,4
CGTGAGCCATGGTAGG-1,1
CGTGAGCGTAGGGACT-1,1
CGTGAGCGTCTCTCGT-1,3
CGTGAGCGTTGTCGCG-1,6
CGTGAGCTCAGCTGGC-1,1
CGTGAGCTCAGTGTTG-1,5
CGTGAGCTCGTTACGA-1,1
CGTGAGCTCGTTTGCC-1,1
CGTGTAAAGAATGTGT-1,1
CGTGTAAAGCATGGCA-1,1
CGTGTAAAGCTAGTCT-1,4
CGTGTAAAGTTGTAGA-1,3
CGTGTAACACGTGAGA-1,1
CGTGTAACAGTTCCCT-1,3
CGTGTAAGTAGGCTGA-1,4
CGTGTAAGTCACTGGC-1,1
CGTGTAATCATTTGGG-1,1
CGTGTAATCTCGCTTG-1,1
CGTGTCTAGCAGACTG-1,4
CGTGTCTAGGGTCGAT-1,2
CGTGTCTAGTAGCGGT-1,1
CGTGTCTAGTTAAGTG-1,1
CGTGTCTGTAAACCTC-1,1
CGTGTCTTCATCACCC-1,1
CGTGTCTTCATGCAAC-1,2
CGTGTCTTCCAGATCA-1,2
CGTGTCTTCTAACTCT-1,3
CGTTAGAAGCAAATCA-1,2
CGTTAGAAGTCAAGGC-1,2
CGTTAGACAACGATCT-1,2
CGTTAGACAGATAATG-1,2
CGTTAGAGTAATAGCA-1,1
CGTTAGAGTCACTTCC-1,2
CGTTAGAGTCTAGAGG-1,4
CGTTAGAGTCTCTTAT-1,2
CGTTAGAGTTAAAGAC-1,2
CGTTAGAGTTCAGGCC-1,4
CGTTAGATCGTACGGC-1,1
CGTTCTGAGAAACGCC-1,2
CGTTCTGAGCTCAACT-1,1
CGTTCTGAGGCTCAGA-1,2
CGTTCTGCAAGCGTAG-1,1
CGTTCTGCACAGGCCT-1,1
CGTTCTGCACATTCGA-1,2
CGTTCTGGTGCACGAA-1,3
CGTTCTGGTTATCCGA-1,4
CGTTCTGGTTCCAACA-1,1
CGTTCTGTCCGAGCCA-1,8
CGTTGGGAGAAGGCCT-1,1
CGTTGGGAGAGCTATA-1,1
CGTTGGGAGATCACGG-1,1
CGTTGGGAGCTGTTCA-1,3
CGTTGGGAGGAATGGA-1,2
CGTTGGGAGGTGCTAG-1,1
CGTTGGGAGTTACGGG-1,4
CGTTGGGCAGATAATG-1,2
CGTTGGGCAGGTTTCA-1,1
CGTTGGGCAGTCTTCC-1,1
CGTTGGGCATAAGACA-1,1
CGTTGGGCATCCGGGT-1,1
CGTTGGGTCTGATACG-1,4
CTAACTTAGCCGGTAA-1,2
CTAACTTCACCTATCC-1,1
CTAACTTCAGGCTGAA-1,2
CTAACTTCATCTGGTA-1,3
CTAACTTGTAAGGGCT-1,3
CTAACTTGTACCCAAT-1,3
CTAACTTGTATATGAG-1,1
CTAACTTTCAACACGT-1,1
CTAACTTTCAGCTTAG-1,2
CTAACTTTCTAACCGA-1,2
CTAAGACAGACAGACC-1,1
CTAAGACAGATGAGAG-1,1
CTAAGACAGCGTAGTG-1,2
CTAAGACAGCGTGAGT-1,3
CTAAGACAGGAACTGC-1,1
CTAAGACAGTATGACA-1,1
CTAAGACCACAGCCCA-1,1
CTAAGACCAGGTGGAT-1,2
CTAAGACGTAAAGTCA-1,4
CTAAGACGTAGCGCTC-1,1
CTAAGACGTGTGAATA-1,2
CTAAGACTCCACTCCA-1,4
CTAAGACTCCCTAATT-1,1
CTAAGACTCGGACAAG-1,1
CTAAGACTCTGTTGAG-1,1
CTAATGGAGTGACTCT-1,1
CTAATGGAGTTGCAGG-1,3
CTAATGGCAAGCCGCT-1,1
CTAATGGGTGTGTGCC-1,1
CTACACCAGCGTAATA-1,1
CTACACCAGTCTCAAC-1,2
CTACACCAGTGAACGC-1,1
CTACACCAGTGGTCCC-1,1
CTACACCGTACGCTGC-1,1
CTACACCGTCCTCTTG-1,1
CTACACCGTTACGCGC-1,2
CTACACCGTTTGACAC-1,4
CTACACCTCAGCGATT-1,1
CTACACCTCATAGCAC-1,6
CTACACCTCTTACCGC-1,3
CTACACCTCTTGCAAG-1,2
CTACATTAGACTTGAA-1,2
CTACATTAGAGACGAA-1,3
CTACATTAGAGCTTCT-1,2
CTACATTAGCCACGCT-1,1
CTACATTAGCTTATCG-1,1
CTACATTCAGATCGGA-1,3
CTACATTCATCGACGC-1,3
CTACATTGTCACTGGC-1,4
CTACATTGTCGTTGTA-1,1
CTACATTTCGGCATCG-1,4
CTACCCACACCCTATC-1,1
CTACCCAGTAAGTTCC-1,1
CTACCCAGTCCTCCAT-1,1
CTACCCAGTCGTCTTC-1,3
CTACCCAGTGGTAACG-1,2
CTACCCATCAACACGT-1,4
CTACCCATCTACTTAC-1,2
CTACGTCAGAGGTTGC-1,1
CTACGTCAGTGACTCT-1,4
CTACGTCCAGCCTTTC-1,1
CTACGTCCATTGGCGC-1,2
CTACGTCGTAAGGGAA-1,4
CTACGTCGTCAGATAA-1,2
CTACGTCGTGTGACCC-1,5
CTACGTCGTTGTACAC-1,1
CTACGTCGTTTGCATG-1,2
CTACGTCTCTGGAGCC-1,2
CTAGAGTAGACCCACC-1,2
CTAGAGTAGGGTTTCT-1,2
CTAGAGTAGTGGGCTA-1,2
CTAGAGTCACGTCAGC-1,3
CTAGAGTCATCCTTGC-1,1
CTAGAGTCATGCCACG-1,1
CTAGAGTGTACAAGTA-1,4
CTAGAGTGTCATTAGC-1,1
CTAGAGTTCCGCAGTG-1,1
CTAGAGTTCGAGAACG-1,1
CTAGCCTAGGGAGTAA-1,3
CTAGCCTGTCAACATC-1,1
CTAGCCTGTCGGCATC-1,1
CTAGCCTTCTCCAACC-1,1
CTAGCCTTCTGTACGA-1,2
CTAGTGAAGCCGGTAA-1,1
CTAGTGAGTCAATGTC-1,4
CTAGTGAGTCTCTTTA-1,1
CTAGTGAGTTGTCTTT-1,2
CTAGTGATCGCCTGAG-1,1
CTCACACAGCCCGAAA-1,2
CTCACACAGCGTTTAC-1,1
CTCACACCAGTTCATG-1,2
CTCACACCATGCCCGA-1,1
CTCACACGTATAGGGC-1,3
CTCACACGTTTAAGCC-1,1
CTCACACTCAGTTGAC-1,3
CTCACACTCGCCTGTT-1,1
CTCACACTCTACGAGT-1,1
CTCACACTCTGCCAGG-1,1
CTCAGAAAGAGTAATC-1,4
CTCAGAAAGGTGTGGT-1,1
CTCAGAAAGTAGCGGT-1,4
CTCAGAACAATCTGCA-1,1
CTCAGAAGTATCGCAT-1,2
CTCAGAAGTCAAAGAT-1,4
CTCATTAAGCCAACAG-1,1
CTCATTAAGCTGCGAA-1,5
CTCATTAAGGATCGCA-1,2
CTCATTAAGGTCATCT-1,2
CTCATTACACGGCCAT-1,2
CTCATTACAGGGCATA-1,1
CTCATTACAGGTCCAC-1,1
CTCATTACATAGGATA-1,2
CTCATTACATGAACCT-1,1
CTCATTAGTCTCCATC-1,2
CTCATTATCAGTCCCT-1,2
CTCATTATCATTTGGG-1,1
CTCATTATCTTAACCT-1,2
CTCCTAGAGAACAATC-1,1
CTCCTAGAGCAGACTG-1,4
CTCCTAGAGTACGTTC-1,2
CTCCTAGAGTTCGCGC-1,2
CTCCTAGCATTGGTAC-1,2
CTCCTAGGTGGCTCCA-1,1
CTCCTAGTCAAAGACA-1,1
CTCCTAGTCCGCATCT-1,2
CTCCTAGTCGTACCGG-1,1
CTCCTAGTCTGCTGTC-1,1
CTCGAAAAGCGCCTTG-1,1
CTCGAAACAGTGAGTG-1,2
CTCGAAACATGACATC-1,3
CTCGAAAGTCAATGTC-1,1
CTCGAAATCAGTGCAT-1,1
CTCGAGGAGGCTATCT-1,1
CTCGAGGAGTTATCGC-1,4
CTCGAGGCAAAGTGCG-1,1
CTCGAGGCAATAACGA-1,1
CTCGAGGCATGCCTTC-1,2
CTCGAGGGTAAATGAC-1,1
CTCGAGGGTCGCCATG-1,3
CTCGAGGTCCCATTAT-1,3
CTCGAGGTCGGAGGTA-1,1
CTCGAGGTCTGGGCCA-1,1
CTCGAGGTCTTTACAC-1,3
CTCGGAGAGCGAAGGG-1,1
CTCGGAGCAGACGCCT-1,4
CTCGGAGGTCGACTGC-1,1
CTCGGAGGTGCAGTAG-1,2
CTCGGAGTCCTATGTT-1,1
CTCGGGAAGAAGAAGC-1,3
CTCGGGAAGGTGCAAC-1,3
CTCGGGACAAGCGCTC-1,1
CTCGGGACACATCCAA-1,2
CTCGGGACACCTGGTG-1,1
CTCGGGAGTTCAGCGC-1,2
CTCGGGAGTTTAGGAA-1,3
CTCGGGAGTTTGGGCC-1,1
CTCGGGATCCCAAGTA-1,4
CTCGGGATCGAATCCA-1,3
CTCGGGATCTTTACGT-1,4
CTCGTACAGACTGGGT-1,3
CTCGTACCAAAGAATC-1,1
CTCGTACCACATGTGT-1,3
CTCGTACCACCTCGGA-1,1
CTCGTACCATGAGCGA-1,3
CTCGTACCATTAACCG-1,2
CTCGTACGTAGAGGAA-1,1
CTCGTACGTCCGACGT-1,1
CTCGTACGTTTGTGTG-1,4
CTCGTACTCAGCTTAG-1,3
CTCGTACTCATTTGGG-1,1
CTCGTCAAGTAATCCC-1,2
CTCGTCACAAGGCTCC-1,1
CTCGTCACAATCGAAA-1,3
CTCGTCACACCTGGTG-1,3
CTCGTCAGTAACGACG-1,4
CTCGTCAGTAGGGACT-1,2
CTCGTCAGTGATGATA-1,1
CTCGTCAGTGCCTGCA-1,4
CTCGTCAGTTCGAATC-1,2
CTCTAATAGAGGTAGA-1,4
CTCTAATAGCTGGAAC-1,1
CTCTAATAGGTTCCTA-1,4
CTCTAATCACCTGGTG-1,3
CTCTAATGTCGAATCT-1,1
CTCTAATGTTAGTGGG-1,3
CTCTAATGTTGGACCC-1,1
CTCTAATGTTTGGGCC-1,3
CTCTAATTCCAAACTG-1,3
CTCTAATTCGGCCGAT-1,3
CTCTACGAGCCAGAAC-1,1
CTCTACGAGCGACGTA-1,1
CTCTACGCACACCGAC-1,4
CTCTACGGTAAAGTCA-1,2
CTCTACGGTATAGTAG-1,4
CTCTACGGTTAAGATG-1,2
CTCTGGTAGACTTTCG-1,2
CTCTGGTAGGAGTAGA-1,4
CTCTGGTAGTTAGGTA-1,1
CTCTGGTCAAATCCGT-1,1
CTCTGGTCACGAGAGT-1,2
CTCTGGTCATAACCTG-1,4
CTCTGGTGTAAATGAC-1,1
CTCTGGTGTCGTCTTC-1,1
CTCTGGTGTGAACCTT-1,2
CTCTGGTGTTAAGGGC-1,5
CTCTGGTTCCTCTAGC-1,1
CTCTGGTTCTATGTGG-1,4
CTGAAACGTCATACTG-1,1
CTGAAACTCGTTTAGG-1,1
CTGAAACTCTAACTCT-1,1
CTGAAGTAGACTACAA-1,1
CTGAAGTAGCGATAGC-1,4
CTGAAGTCACGGTAGA-1,3
CTGAAGTCATGGAATA-1,1
CTGAAGTGTCACCCAG-1,3
CTGAAGTGTTAAGAAC-1,8
CTGAAGTGTTGACGTT-1,1
CTGAAGTGTTTGTTGG-1,1
CTGAAGTTCCACGTGG-1,2
CTGAAGTTCGTATCAG-1,1
CTGATAGAGACGCAAC-1,3
CTGATAGAGGAATGGA-1,2
CTGATAGAGGGTGTGT-1,1
CTGATAGCAACTGGCC-1,1
CTGATAGCACGACGAA-1,4
CTGATAGGTACCGAGA-1,4
CTGATAGGTGCTGTAT-1,2
CTGATAGGTTGACGTT-1,1
CTGATAGTCGAATGGG-1,3
CTGATAGTCTTTACGT-1,1
CTGATCCAGGCAGGTT-1,1
CTGATCCCATCCTAGA-1,1
CTGATCCGTCTAACGT-1,1
CTGATCCGTCTCATCC-1,1
CTGATCCGTGCAACTT-1,2
CTGATCCGTTCGCGAC-1,1
CTGATCCTCATATCGG-1,2
CTGATCCTCTCTGAGA-1,1
CTGCCTAAGATATGGT-1,4
CTGCCTAAGTCCAGGA-1,4
CTGCCTAAGTGCGATG-1,1
CTGCCTACAAAGCAAT-1,1
CTGCCTACATACGCCG-1,1
CTGCCTACATTAACCG-1,3
CTGCCTAGTCGACTGC-1,1
CTGCCTAGTGAGTGAC-1,2
CTGCCTAGTTAGAACA-1,2
CTGCGGAAGGGAAACA-1,2
CTGCGGAAGTACGCGA-1,5
CTGCGGAAGTGCGATG-1,1
CTGCGGAAGTTCGCGC-1,4
CTGCGGACAGTATGCT-1,4
CTGCGGATCTCCGGTT-1,1
CTGCGGATCTGCAAGT-1,3
CTGCTGTAGAATCTCC-1,1
CTGCTGTAGACACGAC-1,2
CTGCTGTAGACTAAGT-1,1
CTGCTGTAGAGCTGGT-1,3
CTGCTGTAGATATACG-1,2
CTGCTGTGTAAATGTG-1,1
CTGCTGTGTACCGTAT-1,4
CTGCTGTGTCGCGAAA-1,1
CTGCTGTGTTACGTCA-1,4
CTGGTCTAGTAGGCCA-1,1
CTGGTCTCAGCTTCGG-1,1
CTGGTCTCAGGCAGTA-1,2
CTGGTCTGTACTCGCG-1,2
CTGGTCTTCAACACAC-1,3
CTGGTCTTCCAAACAC-1,2
CTGGTCTTCGCAAACT-1,3
CTGTGCTAGACAATAC-1,2
CTGTGCTAGAGGTAGA-1,6
CTGTGCTAGTCCATAC-1,5
CTGTGCTAGTTACGGG-1,3
CTGTGCTCAAAGCAAT-1,4
CTGTGCTCATGCAACT-1,2
CTGTGCTGTAAACCTC-1,5
CTGTGCTGTCTCTTAT-1,4
CTGTGCTTCCATTCTA-1,1
CTGTGCTTCCGCGGTA-1,2
CTGTTTAAGATATACG-1,3
CTGTTTACAGATGAGC-1,2
CTGTTTAGTAAATACG-1,3
CTGTTTAGTCCGTCAG-1,7
CTGTTTAGTCTCCACT-1,4
CTGTTTATCAGTCAGT-1,2
CTTAACTAGCTACCTA-1,2
CTTAACTGTGTTGGGA-1,3
CTTAACTTCTCGAGTA-1,2
CTTACCGAGAAACCTA-1,1
CTTACCGAGGGATGGG-1,1
CTTACCGCAATGGACG-1,1
CTTACCGCAGTACACT-1,1
CTTACCGCATACTACG-1,2
CTTACCGGTATGAAAC-1,1
CTTACCGGTTTGCATG-1,2
CTTAGGAAGCCAACAG-1,2
CTTAGGAAGCTAGGCA-1,1
CTTAGGACAAGCCGTC-1,1
CTTAGGAGTCTCCATC-1,2
CTTAGGAGTTCGCGAC-1,3
CTTAGGATCACCGTAA-1,3
CTTCTCTCAAAGGCGT-1,2
CTTCTCTCAATGGATA-1,1
CTTCTCTCACAGAGGT-1,1
CTTCTCTCATGCCCGA-1,1
CTTCTCTGTACCGTTA-1,1
CTTCTCTGTTACTGAC-1,1
CTTCTCTTCCTATGTT-1,3
CTTCTCTTCGGACAAG-1,1
CTTCTCTTCTACGAGT-1,1
CTTGGCTGTCACAAGG-1,2
CTTGGCTGTCCAGTTA-1,1
CTTGGCTGTCTGCGGT-1,2
CTTGGCTGTGTGACGA-1,3
CTTGGCTTCCACGAAT-1,4
CTTGGCTTCCTAAGTG-1,2
CTTGGCTTCGGAGGTA-1,3
CTTGGCTTCGTTGACA-1,4
CTTGGCTTCTAACTTC-1,1
CTTGGCTTCTGGTTCC-1,4
CTTGGCTTCTTAGAGC-1,1
CTTTGCGAGTTAGCGG-1,1
CTTTGCGCAAGTCTAC-1,4
CTTTGCGCACAGGAGT-1,5
CTTTGCGCACTATCTT-1,4
CTTTGCGCATGCTAGT-1,4
CTTTGCGGTGGACGAT-1,1
CTTTGCGTCGAGAACG-1,1
GAAACTCAGCCATCGC-1,2
GAAACTCAGGTGCTAG-1,2
GAAACTCAGTACTTGC-1,2
GAAACTCCAATAACGA-1,1
GAAACTCCACAACTGT-1,3
GAAACTCCAGTGGGAT-1,4
GAAACTCGTGTAAGTA-1,1
GAAACTCGTTGTACAC-1,4
GAAACTCTCACATAGC-1,2
GAAACTCTCACTCCTG-1,2
GAAACTCTCAGGCAAG-1,3
GAAATGAAGACAGACC-1,1
GAAATGAAGTCGTTTG-1,2
GAAATGACAAGACACG-1,4
GAAATGACAGATAATG-1,2
GAAATGAGTAGCGTAG-1,4
GAAATGATCACTCCTG-1,1
GAAATGATCGTCCAGG-1,1
GAACATCAGCCTCGTG-1,2
GAACATCAGTACGCGA-1,1
GAACATCAGTTAGCGG-1,1
GAACATCCACAAGCCC-1,1
GAACATCGTATAAACG-1,2
GAACATCGTATTAGCC-1,1
GAACATCTCCAAAGTC-1,1
GAACATCTCTGGTGTA-1,1
GAACATCTCTGGTTCC-1,4
GAACCTAAGCCTATGT-1,3
GAACCTACAGCGAACA-1,4
GAACCTACATGCTGGC-1,1
GAACCTACATGGGAAC-1,4
GAACCTAGTATCAGTC-1,1
GAACCTAGTCTCTTTA-1,2
GAACCTATCATCACCC-1,3
GAACCTATCATTTGGG-1,2
GAACCTATCCATGCTC-1,2
GAACCTATCGGTTAAC-1,1
GAACGGAAGATATGGT-1,1
GAACGGAAGCTACCGC-1,2
GAACGGACAATCGAAA-1,4
GAACGGAGTAATCACC-1,1
GAACGGAGTCAACATC-1,1
GAACGGAGTCGTCTTC-1,2
GAACGGAGTGTCAATC-1,2
GAACGGATCAAGATCC-1,3
GAACGGATCCCGGATG-1,4
GAACGGATCCTAGAAC-1,3
GAAGCAGAGAAAGTGG-1,1
GAAGCAGAGACAAAGG-1,2
GAAGCAGAGGCACATG-1,1
GAAGCAGCAAGTTAAG-1,1
GAAGCAGCACCATGTA-1,1
GAAGCAGGTAAATACG-1,3
GAAGCAGGTAGAAAGG-1,4
GAAGCAGTCACGAAGG-1,2
GAAGCAGTCCCTAATT-1,1
GAATAAGAGAAACCAT-1,3
GAATAAGAGGCATTGG-1,3
GAATAAGCATTCTTAC-1,5
GAATAAGTCCTTGGTC-1,3
GAATAAGTCGCCAGCA-1,4
GAATAAGTCGGACAAG-1,5
GAATGAAAGCCAGTAG-1,1
GAATGAAAGGGTTTCT-1,1
GAATGAACAAACGTGG-1,1
GAATGAACAACTGCGC-1,1
GAATGAAGTCTCGTTC-1,1
GAATGAAGTGCACGAA-1,4
GAATGAATCTTTAGTC-1,1
GACACGCAGATAGTCA-1,4
GACACGCCACACCGAC-1,4
GACACGCCACTTCGAA-1,3
GACACGCCAGCTCGCA-1,2
GACACGCGTGAGTGAC-1,4
GACACGCGTGCAGTAG-1,3
GACAGAGAGACTTTCG-1,2
GACAGAGAGATCACGG-1,2
GACAGAGAGCTTTGGT-1,2
GACAGAGAGGGTGTGT-1,2
GACAGAGAGGTGCTTT-1,1
GACAGAGAGTACGTAA-1,1
GACAGAGCAATAGAGT-1,1
GACAGAGCAGATGGCA-1,2
GACAGAGGTCCTGCTT-1,4
GACAGAGGTCTAGAGG-1,1
GACAGAGGTGATAAAC-1,1
GACAGAGGTGGAAAGA-1,2
GACAGAGGTGTATGGG-1,2
GACAGAGTCTAGAGTC-1,2
GACAGAGTCTTGACGA-1,1
GACCAATAGTGACTCT-1,4
GACCAATCAAGACACG-1,1
GACCAATCAGACAAAT-1,1
GACCAATGTATAAACG-1,1
GACCAATGTCAATGTC-1,2
GACCAATGTGGCTCCA-1,1
GACCAATTCAGTTGAC-1,2
GACCAATTCCCTTGTG-1,2
GACCAATTCCGGCACA-1,2
GACCAATTCCTAGAAC-1,3
GACCAATTCTTCAACT-1,4
GACCAATTCTTTACGT-1,1
GACCTGGAGCCCAACC-1,4
GACCTGGAGTGTGGCA-1,1
GACCTGGCAATTCCTT-1,2
GACCTGGCACCGATAT-1,2
GACCTGGCAGCCTATA-1,2
GACCTGGCATGAACCT-1,3
GACCTGGCATGACATC-1,3
GACCTGGGTCCAGTTA-1,2
GACCTGGGTCGACTAT-1,2
GACCTGGGTCGCGGTT-1,2
GACCTGGGTTCCACGG-1,2
GACCTGGTCGCGTAGC-1,1
GACCTGGTCTACCTGC-1,4
GACGCGTAGCAGGCTA-1,3
GACGCGTAGGGAAACA-1,2
GACGCGTAGTCCGGTC-1,3
GACGCGTAGTGACATA-1,4
GACGCGTCAACACCCG-1,3
GACGCGTGTACTTAGC-1,3
GACGCGTGTAGTGAAT-1,3
GACGCGTGTATGGTTC-1,1
GACGCGTGTTCCATGA-1,2
GACGCGTTCCAAGCCG-1,3
GACGGCTCAATGGATA-1,1
GACGGCTCACTCTGTC-1,4
GACGGCTCAGCTGCAC-1,1
GACGGCTCAGTCCTTC-1,4
GACGGCTCAGTTTACG-1,1
GACGGCTCATACGCCG-1,1
GACGGCTGTTAGATGA-1,3
GACGGCTGTTCGTGAT-1,1
GACGGCTGTTGGTAAA-1,1
GACGGCTGTTGTCTTT-1,1
GACGGCTTCGAATGGG-1,3
GACGGCTTCTCAAGTG-1,1
GACGTGCAGAGGTACC-1,3
GACGTGCGTAAATACG-1,2
GACGTGCGTAGCAAAT-1,2
GACGTGCTCCGCATCT-1,1
GACGTGCTCGCATGAT-1,1
GACGTTAAGACTAGGC-1,3
GACGTTAAGGGAAACA-1,1
GACGTTACAAGAAGAG-1,2
GACGTTACAGTAGAGC-1,1
GACGTTACATGTCGAT-1,1
GACGTTAGTACAGTTC-1,1
GACGTTAGTCCTCCAT-1,1
GACGTTAGTCGCGGTT-1,1
GACGTTAGTGGTGTAG-1,1
GACTAACAGCCCGAAA-1,1
GACTAACAGCTCCTCT-1,2
GACTAACAGCTGTCTA-1,1
GACTAACAGTGAATTG-1,1
GACTAACCAATGACCT-1,1
GACTAACCAATTCCTT-1,1
GACTAACCACACCGAC-1,4
GACTAACGTAAAGGAG-1,3
GACTAACGTACCGGCT-1,2
GACTAACGTTTGACAC-1,1
GACTAACTCGAACGGA-1,1
GACTAACTCTTACCGC-1,1
GACTACAAGCCCTAAT-1,1
GACTACACAACGATGG-1,2
GACTACAGTACTCGCG-1,4
GACTACAGTCCTGCTT-1,3
GACTACAGTCGCGTGT-1,4
GACTACAGTGTTAAGA-1,3
GACTACAGTTGTACAC-1,2
GACTACATCAGTGCAT-1,2
GACTACATCGTGGACC-1,3
GACTGCGAGCAGACTG-1,4
GACTGCGAGCTGCGAA-1,4
GACTGCGAGGCATGTG-1,1
GACTGCGAGGCGCTCT-1,1
GACTGCGGTAATCACC-1,1
GACTGCGGTCTAAACC-1,1
GACTGCGGTCTAGTGT-1,4
GACTGCGTCAACCATG-1,4
GACTGCGTCCCTCAGT-1,4
GAGCAGAAGACAAAGG-1,3
GAGCAGAAGACCACGA-1,2
GAGCAGAAGGTTCCTA-1,2
GAGCAGAAGTATCTCG-1,1
GAGCAGACACGACTCG-1,4
GAGCAGACAGGATTGG-1,4
GAGCAGAGTCTACCTC-1,1
GAGCAGAGTCTCATCC-1,4
GAGCAGAGTTGTGGAG-1,1
GAGCAGATCCGGGTGT-1,2
GAGCAGATCGCCATAA-1,3
GAGCAGATCGGAGCAA-1,3
GAGCAGATCGGGAGTA-1,1
GAGGTGAAGAAACCGC-1,2
GAGGTGAAGTCTTGCA-1,4
GAGGTGACAAGAAGAG-1,1
GAGGTGATCCTAGTGA-1,2
GAGTCCGAGAGAACAG-1,4
GAGTCCGAGGAATTAC-1,3
GAGTCCGCAGCTCGAC-1,1
GAGTCCGCAGTCGTGC-1,1
GAGTCCGCATAAAGGT-1,1
GAGTCCGCATTTGCTT-1,2
GAGTCCGGTAAAGTCA-1,1
GAGTCCGGTCTCAACA-1,4
GAGTCCGGTGTATGGG-1,2
GATCAGTAGCTCTCGG-1,1
GATCAGTAGGGTTTCT-1,1
GATCAGTCACAAGTAA-1,1
GATCAGTCATGCTAGT-1,3
GATCAGTGTGCCTGGT-1,3
GATCGATAGCTAACTC-1,5
GATCGATCAAGTTAAG-1,1
GATCGATGTGCCTGCA-1,5
GATCGCGGTAGAAGGA-1,4
GATCGCGGTAGGAGTC-1,2
GATCGCGGTCACCTAA-1,1
GATCGCGGTCCTAGCG-1,1
GATCGCGGTCTGATTG-1,1
GATCGCGGTGACGCCT-1,4
GATCGCGGTGGCGAAT-1,3
GATCGCGGTTACTGAC-1,4
GATCGCGTCAGCTTAG-1,1
GATCGCGTCAGTTTGG-1,1
GATCGTAAGGTGCACA-1,2
GATCGTACAAGAGGCT-1,1
GATCGTAGTATAGTAG-1,4
GATCGTAGTCTAGGTT-1,1
GATCGTATCATTATCC-1,2
GATCGTATCGCACTCT-1,7
GATCGTATCGGCGGTT-1,2
GATCGTATCTGAAAGA-1,4
GATCTAGAGTGGGATC-1,2
GATCTAGAGTTATCGC-1,2
GATCTAGAGTTGTAGA-1,2
GATCTAGCAGGCAGTA-1,2
GATCTAGGTTATGTGC-1,3
GATCTAGTCTCGAGTA-1,2
GATCTAGTCTTGTACT-1,1
GATGAAAAGTGCCAGA-1,2
GATGAAACACAGACTT-1,2
GATGAAACACAGAGGT-1,3
GATGAAACACTGTGTA-1,2
GATGAAACAGTAAGAT-1,3
GATGAAAGTACACCGC-1,4
GATGAAAGTGATGTCT-1,1
GATGAAAGTGGTACAG-1,3
GATGAAAGTTCATGGT-1,1
GATGAAAGTTGATTCG-1,2
GATGAAATCCAGTAGT-1,2
GATGAGGAGAAACCGC-1,3
GATGAGGAGCTCTCGG-1,1
GATGAGGAGGGCACTA-1,1
GATGAGGAGTCATGCT-1,4
GATGAGGAGTTGAGTA-1,1
GATGAGGGTAACGCGA-1,1
GATGAGGGTCGAACAG-1,4
GATGAGGGTCGACTAT-1,3
GATGAGGGTCGCTTCT-1,3
GATGAGGGTTCAGACT-1,1
GATGAGGTCCATTCTA-1,2
GATGAGGTCCGAATGT-1,1
GATGAGGTCGTACCGG-1,1
GATGCTACACATCTTT-1,4
GATGCTACAGATGGGT-1,4
GATGCTACAGCGTAAG-1,4
GATGCTACAGGTTTCA-1,3
GATGCTACATTTCACT-1,2
GATGCTAGTGAGTGAC-1,1
GATGCTAGTGTGTGCC-1,1
GATGCTAGTGTTAAGA-1,4
GATGCTAGTTGAGTTC-1,4
GATGCTAGTTGATTCG-1,1
GATTCAGAGATGGCGT-1,2
GATTCAGAGCGTAGTG-1,4
GATTCAGAGGCAATTA-1,1
GATTCAGAGGTGATTA-1,1
GATTCAGCAATGGAAT-1,3
GATTCAGCAGATGAGC-1,4
GATTCAGCATCACCCT-1,4
GATTCAGGTGGCGAAT-1,3
GATTCAGTCGCGTAGC-1,1
GATTCAGTCTTAGAGC-1,1
GCAAACTAGAAGGACA-1,2
GCAAACTAGCTGAACG-1,1
GCAAACTCAATTCCTT-1,1
GCAAACTCATATACCG-1,1
GCAAACTGTACAGTTC-1,2
GCAAACTGTATTAGCC-1,2
GCAAACTGTCGATTGT-1,2
GCAAACTGTCTTCAAG-1,2
GCAAACTGTGTTGGGA-1,4
GCAAACTTCAGCATGT-1,4
GCAATCAAGACCGGAT-1,4
GCAATCACACCCAGTG-1,1
GCAATCACAGATAATG-1,1
GCAATCAGTAACGTTC-1,3
GCAATCATCAGAAATG-1,1
GCACATAAGCCGCCTA-1,1
GCACATAAGCTCCCAG-1,5
GCACATAAGGCCATAG-1,1
GCACATAAGTTAGCGG-1,1
GCACATACAAACAACA-1,1
GCACATAGTAGAGGAA-1,1
GCACATAGTCTTCTCG-1,3
GCACATATCACGCATA-1,3
GCACATATCCGTTGCT-1,3
GCACTCTAGAGATGAG-1,4
GCACTCTAGCGTAGTG-1,3
GCACTCTAGTGCCAGA-1,2
GCACTCTCATGAGCGA-1,4
GCACTCTGTTAGATGA-1,1
GCACTCTTCAGTCCCT-1,1
GCACTCTTCAGTTTGG-1,1
GCACTCTTCATGTCTT-1,1
GCACTCTTCATTCACT-1,4
GCACTCTTCTGAGGGA-1,1
GCACTCTTCTGCTGCT-1,2
GCAGCCAAGTCTTGCA-1,3
GCAGCCACAAGGTTCT-1,3
GCAGCCAGTATGAAAC-1,3
GCAGCCAGTCGGCACT-1,1
GCAGCCAGTGTTTGTG-1,2
GCAGCCAGTTTAGGAA-1,1
GCAGCCATCATCGCTC-1,4
GCAGTTAAGGGATACC-1,4
GCAGTTACACGAAACG-1,1
GCAGTTACATGAGCGA-1,2
GCAGTTACATTGGGCC-1,1
GCAGTTAGTGGCCCTA-1,3
GCAGTTATCTCGATGA-1,2
GCAGTTATCTTAGCCC-1,2
GCATACAAGACAGAGA-1,1
GCATACAAGCAATCTC-1,1
GCATACAAGTCGTTTG-1,2
GCATACACAATACGCT-1,1
GCATACACAATTGCTG-1,3
GCATACAGTCAGATAA-1,4
GCATACAGTCTAGCCG-1,2
GCATACAGTTTAAGCC-1,1
GCATACATCCCATTAT-1,1
GCATACATCGCAAACT-1,2
GCATACATCGTACGGC-1,1
GCATACATCTTTAGGG-1,2
GCATGATAGCGATATA-1,3
GCATGATCAAAGCGGT-1,1
GCATGATCAAGCTGAG-1,2
GCATGATCAATCCAAC-1,4
GCATGATCACCAGCAC-1,2
GCATGATCAGTCGATT-1,1
GCATGATGTAGGCTGA-1,1
GCATGATGTCTCAACA-1,1
GCATGATGTTAAGTAG-1,1
GCATGATGTTACGCGC-1,1
GCATGATGTTGATTGC-1,1
GCATGATTCACAGTAC-1,1
GCATGATTCGGTTCGG-1,1
GCATGCGAGACTGGGT-1,1
GCATGCGAGCGCTCCA-1,2
GCATGCGAGGATGTAT-1,1
GCATGCGAGTACGTTC-1,1
GCATGCGCAAGCGAGT-1,1
GCATGCGCAGACGCTC-1,1
GCATGCGCAGATAATG-1,2
GCATGCGCATCGATTG-1,1
GCATGCGGTCAACTGT-1,1
GCATGCGGTCTGCGGT-1,2
GCATGCGGTGAGGCTA-1,4
GCATGTAAGAACTGTA-1,3
GCATGTAAGTACGTAA-1,5
GCATGTAAGTTACGGG-1,3
GCATGTACAGCTGCTG-1,3
GCATGTACAGTTTACG-1,2
GCATGTAGTAGCCTCG-1,3
GCATGTAGTCAACTGT-1,1
GCATGTAGTCAGGACA-1,2
GCATGTAGTTAAGACA-1,4
GCATGTAGTTCACGGC-1,3
GCATGTATCACCCTCA-1,4
GCATGTATCAGAAATG-1,1
GCATGTATCTTGCAAG-1,1
GCCAAATAGAGCCTAG-1,2
GCCAAATAGCGATATA-1,1
GCCAAATAGTGCTGCC-1,4
GCCAAATCATACAGCT-1,1
GCCAAATCATGCAACT-1,1
GCCAAATGTCGTTGTA-1,3
GCCAAATGTCTCCATC-1,1
GCCAAATTCTAAGCCA-1,2
GCCAAATTCTGCAGTA-1,1
GCCTCTAAGACAATAC-1,1
GCCTCTAAGAGCAATT-1,1
GCCTCTAAGCAGCGTA-1,1
GCCTCTAAGGCAGGTT-1,1
GCCTCTAAGGGAACGG-1,5
GCCTCTACATGTCCTC-1,1
GCGACCAAGAAGCCCA-1,2
GCGACCACACGAGAGT-1,3
GCGACCACAGTCGATT-1,2
GCGACCAGTAATCACC-1,1
GCGACCAGTGCAGACA-1,2
GCGACCAGTTCCCTTG-1,1
GCGAGAAAGAATGTGT-1,4
GCGAGAAAGACAGGCT-1,1
GCGAGAAAGTGTGGCA-1,3
GCGAGAAAGTTAAGTG-1,2
GCGAGAACAAGTTGTC-1,2
GCGAGAACACAACGTT-1,1
GCGAGAACACAGGAGT-1,1
GCGAGAACATTGGTAC-1,2
GCGAGAAGTAAACGCG-1,1
GCGAGAAGTCATCCCT-1,2
GCGAGAAGTTACTGAC-1,4
GCGAGAAGTTCTGGTA-1,1
GCGAGAATCACAGGCC-1,3
GCGAGAATCAGCACAT-1,1
GCGAGAATCGACGGAA-1,4
GCGAGAATCTAACTCT-1,1
GCGAGAATCTACTCAT-1,3
GCGCAACAGCGATCCC-1,3
GCGCAACAGCGTGTCC-1,1
GCGCAACAGGCGTACA-1,2
GCGCAACCAACGATCT-1,3
GCGCAACCAAGGTTTC-1,1
GCGCAACCAGGTGGAT-1,1
GCGCAACCAGTCAGCC-1,3
GCGCAACGTCGGATCC-1,1
GCGCAACGTGTCAATC-1,2
GCGCAACGTTAGGGTG-1,2
GCGCAACGTTGCGCAC-1,4
GCGCAACTCACGAAGG-1,1
GCGCAACTCGTTTGCC-1,1
GCGCAACTCTCATTCA-1,1
GCGCAGTAGAGCTATA-1,1
GCGCAGTAGCACCGCT-1,2
GCGCAGTAGCGTGTCC-1,2
GCGCAGTCAGCGTAAG-1,6
GCGCAGTCATTGTGCA-1,2
GCGCAGTCATTTGCCC-1,2
GCGCAGTGTCTGCGGT-1,1
GCGCCAAAGGCTAGAC-1,4
GCGCCAACAGCTTAAC-1,1
GCGCCAACATTCACTT-1,1
GCGCCAAGTACGAAAT-1,7
GCGCCAAGTCATGCAT-1,2
GCGCCAAGTTCAGCGC-1,1
GCGCCAATCAAACCAC-1,2
GCGCCAATCATCACCC-1,1
GCGCCAATCGTAGGTT-1,2
GCGCGATAGACTACAA-1,3
GCGCGATAGGATGCGT-1,4
GCGCGATAGTGTTGAA-1,1
GCGCGATCACATCTTT-1,1
GCGCGATCAGTCACTA-1,1
GCGCGATCATAGGATA-1,3
GCGCGATTCCTTTCTC-1,1
GCGCGATTCGGTGTTA-1,1
GCGCGATTCGTCTGAA-1,2
GCGGGTTAGCGTTTAC-1,2
GCGGGTTAGCTAAGAT-1,1
GCGGGTTAGTCGATAA-1,3
GCGGGTTAGTGTACTC-1,2
GCGGGTTCAATAAGCA-1,2
GCGGGTTGTCTTCTCG-1,2
GCGGGTTGTGAAAGAG-1,1
GCGGGTTGTGGGTATG-1,4
GCGGGTTTCCAAGTAC-1,2
GCTCCTAAGAGAACAG-1,1
GCTCCTACAAAGTGCG-1,4
GCTCCTACAGCCAGAA-1,4
GCTCCTAGTTCTGAAC-1,3
GCTCCTATCTGGTGTA-1,1
GCTCTGTAGCGCCTCA-1,1
GCTCTGTAGTTTCCTT-1,1
GCTCTGTCAAGCGCTC-1,1
GCTCTGTCAAGTCTGT-1,1
GCTCTGTCACATAACC-1,3
GCTCTGTCATTCGACA-1,1
GCTCTGTGTAGCGCAA-1,1
GCTCTGTGTAGGGACT-1,4
GCTCTGTGTTAAGAAC-1,1
GCTCTGTTCACGAAGG-1,2
GCTCTGTTCATCGGAT-1,3
GCTCTGTTCTTACCTA-1,4
GCTGCAGAGGATGGAA-1,2
GCTGCAGAGGTACTCT-1,1
GCTGCAGCACAGTCGC-1,4
GCTGCAGGTGCATCTA-1,1
GCTGCAGGTTGTGGCC-1,1
GCTGCAGTCACTTCAT-1,2
GCTGCAGTCTGCCAGG-1,1
GCTGCGAAGCCGTCGT-1,2
GCTGCGAAGCTGTTCA-1,1
GCTGCGAAGGCTAGGT-1,1
GCTGCGACAAGCGAGT-1,1
GCTGCGACAATGGAGC-1,2
GCTGCGACATAACCTG-1,2
GCTGCGAGTGGCAAAC-1,1
GCTGCGATCAACACGT-1,1
GCTGCGATCAAGCCTA-1,4
GCTGCGATCCGAGCCA-1,4
GCTGCGATCGTTGCCT-1,3
GCTGCTTAGAGCTGCA-1,3
GCTGCTTAGAGGTAGA-1,4
GCTGCTTAGCTCCTTC-1,4
GCTGCTTAGGACCACA-1,1
GCTGCTTAGGCTAGAC-1,1
GCTGCTTAGGTAGCCA-1,3
GCTGCTTCACAGCGTC-1,3
GCTGCTTCAGACGCTC-1,1
GCTGCTTCAGGGAGAG-1,1
GCTGCTTCATTCGACA-1,1
GCTGCTTGTTAAGGGC-1,3
GCTGCTTTCGTTGACA-1,2
GCTGGGTAGAAGGTTT-1,3
GCTGGGTAGGTAGCTG-1,1
GCTGGGTCACCTCGTT-1,3
GCTGGGTCACTTAAGC-1,6
GCTGGGTCAGCTGTGC-1,1
GCTGGGTCAGGAATGC-1,1
GCTGGGTCAGTATGCT-1,1
GCTGGGTGTAGCGTAG-1,2
GCTGGGTGTAGTAGTA-1,1
GCTGGGTGTCAGCTAT-1,1
GCTGGGTGTGACTACT-1,1
GCTGGGTGTTAAAGAC-1,1
GCTGGGTTCCATGAAC-1,2
GCTGGGTTCTTGTTTG-1,1
GCTTCCAAGAGCTGGT-1,7
GCTTCCAAGCTACCGC-1,1
GCTTCCAAGCTTATCG-1,3
GCTTCCAAGGAATCGC-1,1
GCTTCCAAGTCTCGGC-1,6
GCTTCCAAGTGCCATT-1,3
GCTTCCACACGAGAGT-1,2
GCTTCCACAGCTCGCA-1,4
GCTTCCAGTCGCATAT-1,2
GCTTCCAGTCTGCAAT-1,2
GCTTCCATCCTACAGA-1,4
GCTTCCATCTCCTATA-1,1
GCTTGAACAAATCCGT-1,3
GCTTGAACAACGCACC-1,4
GCTTGAACACAGACAG-1,2
GCTTGAACACAGTCGC-1,4
GCTTGAACACCAGTTA-1,1
GCTTGAACACTTCGAA-1,1
GCTTGAACAGCTGTGC-1,1
GCTTGAAGTAGCTGCC-1,4
GCTTGAAGTCGGATCC-1,7
GCTTGAAGTTAGATGA-1,2
GCTTGAAGTTCCTCCA-1,4
GCTTGAATCGCTAGCG-1,1
GCTTGAATCTTGAGGT-1,2
GGAAAGCAGCCAGAAC-1,2
GGAAAGCAGGAGTAGA-1,5
GGAAAGCCAAGCCATT-1,3
GGAAAGCGTCGCTTTC-1,4
GGAAAGCTCGAATGCT-1,4
GGAAAGCTCTTGACGA-1,3
GGAACTTAGCCAGGAT-1,2
GGAACTTAGTTCCACA-1,2
GGAACTTCAGACAAGC-1,4
GGAACTTTCACTCCTG-1,2
GGAACTTTCACTTCAT-1,1
GGAACTTTCATATCGG-1,3
GGAACTTTCGATCCCT-1,1
GGAATAAAGCTCAACT-1,1
GGAATAACAAGGTTTC-1,4
GGAATAACACAAGACG-1,1
GGAATAACACAGCGTC-1,1
GGAATAACAGGCTGAA-1,2
GGAATAAGTTTGACTG-1,2
GGAATAATCACCTTAT-1,2
GGAATAATCGGAAACG-1,1
GGACAAGAGAAGCCCA-1,1
GGACAAGAGCCATCGC-1,3
GGACAAGAGGTACTCT-1,4
GGACAAGCAATCTACG-1,2
GGACAAGCAGCGTAAG-1,2
GGACAAGGTCTTGATG-1,2
GGACAAGTCAGTTCGA-1,4
GGACAAGTCATAAAGG-1,1
GGACAAGTCGTTGCCT-1,3
GGACAAGTCTCAAGTG-1,1
GGACAGACAGATGGGT-1,1
GGACAGACAGCTTCGG-1,1
GGACAGACAGTCAGAG-1,4
GGACAGAGTATAGGTA-1,1
GGACATTCACAGTCGC-1,4
GGACATTCACTCTGTC-1,2
GGACATTCATGAAGTA-1,1
GGACATTCATTGCGGC-1,5
GGACATTGTCTCAACA-1,2
GGACATTGTGGCGAAT-1,2
GGACATTTCGAACGGA-1,4
GGACGTCAGAGTAATC-1,2
GGACGTCCATCCGTGG-1,1
GGACGTCCATGAACCT-1,1
GGACGTCGTAAATACG-1,1
GGACGTCGTCGTTGTA-1,1
GGACGTCTCTTGAGGT-1,4
GGAGCAAAGAAACGCC-1,1
GGAGCAAAGACACGAC-1,2
GGAGCAAAGATGCCAG-1,1
GGAGCAAAGATGTGGC-1,5
GGAGCAAAGTGTTTGC-1,2
GGAGCAAGTCCGTGAC-1,2
GGAGCAAGTGGACGAT-1,1
GGAGCAATCATTGCGA-1,4
GGAGCAATCGCTTGTC-1,5
GGAGCAATCGTCACGG-1,4
GGATGTTCAGATCGGA-1,4
GGATGTTGTATCGCAT-1,3
GGATGTTGTCACTGGC-1,3
GGATGTTGTCCAAGTT-1,3
GGATGTTGTCTGCCAG-1,2
GGATGTTTCAGTCAGT-1,2
GGATGTTTCATACGGT-1,2
GGATTACAGAGTAAGG-1,1
GGATTACAGATCCGAG-1,3
GGATTACAGCGATATA-1,2
GGATTACAGCTTCGCG-1,4
GGATTACAGGCTATCT-1,1
GGATTACAGTCAATAG-1,3
GGATTACAGTGGAGAA-1,3
GGATTACCATAGGATA-1,3
GGATTACGTACAAGTA-1,3
GGATTACTCCCTAATT-1,1
GGCAATTAGAATCTCC-1,2
GGCAATTAGCGTGAAC-1,2
GGCAATTGTAAGAGGA-1,1
GGCAATTGTAGCACGA-1,2
GGCAATTGTCGCTTCT-1,1
GGCAATTGTGATGTGG-1,2
GGCAATTGTGTTGGGA-1,5
GGCAATTGTTCCATGA-1,1
GGCAATTTCTCACATT-1,1
GGCCGATAGAACTGTA-1,1
GGCCGATAGGTACTCT-1,2
GGCCGATAGTCGATAA-1,1
GGCCGATAGTCGTTTG-1,2
GGCCGATAGTGCTGCC-1,3
GGCCGATCACCTTGTC-1,1
GGCCGATGTGGCGAAT-1,3
GGCCGATGTGGTACAG-1,4
GGCCGATGTTGGTAAA-1,1
GGCCGATTCACCCTCA-1,1
GGCCGATTCGGTGTTA-1,1
GGCGACTAGTGTACTC-1,3
GGCGACTAGTGTGAAT-1,2
GGCGACTAGTGTGGCA-1,4
GGCGACTCAATGGACG-1,5
GGCGACTCAGGAATGC-1,1
GGCGACTCATGGATGG-1,1
GGCGACTGTAGCCTAT-1,4
GGCGACTGTTAGATGA-1,1
GGCGACTGTTATGCGT-1,3
GGCGACTGTTCTCATT-1,4
GGCGACTTCAACCAAC-1,1
GGCGTGTAGATCCTGT-1,1
GGCGTGTAGCTAGTCT-1,3
GGCGTGTAGTAAGTAC-1,4
GGCGTGTAGTAGTGCG-1,3
GGCGTGTCAAGCGTAG-1,4
GGCGTGTGTAAGCACG-1,2
GGCGTGTGTAGATTAG-1,1
GGCGTGTGTATTAGCC-1,3
GGCGTGTGTTGAACTC-1,2
GGCGTGTTCTGAGTGT-1,1
GGCTCGAAGAAGGTGA-1,4
GGCTCGAAGAATTCCC-1,1
GGCTCGAAGGCTCATT-1,3
GGCTCGAAGTTGCAGG-1,1
GGCTCGAGTAGCACGA-1,3
GGCTCGATCCAGGGCT-1,2
GGCTCGATCCATGAAC-1,1
GGCTGGTAGAGCTGCA-1,1
GGCTGGTAGATACACA-1,1
GGCTGGTAGCCGCCTA-1,1
GGCTGGTAGCGGCTTC-1,4
GGCTGGTAGCGTCAAG-1,2
GGCTGGTAGTTAGGTA-1,1
GGCTGGTCAAAGCGGT-1,3
GGCTGGTCAAGAAAGG-1,4
GGCTGGTCACTGTCGG-1,2
GGCTGGTCAGCGATCC-1,4
GGCTGGTCAGTCGATT-1,5
GGCTGGTCATCGTCGG-1,1
GGCTGGTCATTCACTT-1,2
GGCTGGTGTTATGCGT-1,3
GGCTGGTGTTGATTGC-1,1
GGCTGGTGTTTAGGAA-1,1
GGCTGGTTCCCGGATG-1,2
GGCTGGTTCCCTCTTT-1,1
GGCTGGTTCGTTGCCT-1,1
GGGAATGCACGGCCAT-1,1
GGGAATGCATGATCCA-1,2
GGGAATGGTACCCAAT-1,4
GGGAATGGTACTTGAC-1,4
GGGAATGGTCGCTTCT-1,2
GGGAATGGTGTAACGG-1,3
GGGAATGGTTGATTCG-1,2
GGGAATGTCTACCTGC-1,3
GGGAATGTCTATCCCG-1,2
GGGACCTAGCCTATGT-1,1
GGGACCTAGCGTCAAG-1,1
GGGACCTCAAATTGCC-1,1
GGGACCTCATAACCTG-1,1
GGGACCTTCACGACTA-1,1
GGGAGATAGAAGGGTA-1,1
GGGAGATAGATCTGCT-1,2
GGGAGATCAAGGTTTC-1,1
GGGAGATCAGCTGTGC-1,1
GGGAGATCATACGCCG-1,1
GGGAGATGTGCTTCTC-1,2
GGGAGATGTTCCACGG-1,1
GGGAGATTCACCATAG-1,5
GGGAGATTCATAGCAC-1,3
GGGAGATTCCTTTCGG-1,1
GGGAGATTCTGTACGA-1,1
GGGATGAAGAGGGATA-1,2
GGGATGAAGCAGACTG-1,1
GGGATGAAGTTTCCTT-1,4
GGGATGACAATGTAAG-1,3
GGGATGACAGTAGAGC-1,3
GGGATGACAGTCGTGC-1,5
GGGATGACATCGGTTA-1,3
GGGATGATCATAAAGG-1,1
GGGATGATCGGAAACG-1,1
GGGATGATCTACTTAC-1,2
GGGCACTAGATCCCAT-1,1
GGGCACTAGGTGATTA-1,2
GGGCACTCACATGTGT-1,2
GGGCACTCAGCCTTGG-1,1
GGGCACTGTAACGTTC-1,2
GGGCACTGTGATGTGG-1,2
GGGCACTTCACTCTTA-1,1
GGGCATCAGACACGAC-1,2
GGGCATCAGCACAGGT-1,3
GGGCATCAGTACGATA-1,1
GGGCATCCATTGGGCC-1,1
GGGCATCGTAGCTTGT-1,2
GGGCATCTCAGAGGTG-1,1
GGGCATCTCTCTTATG-1,2
GGGTCTGCAACACCCG-1,2
GGGTCTGCACTCAGGC-1,3
GGGTCTGCAGCTTCGG-1,4
GGGTCTGGTAGAGGAA-1,2
GGGTCTGGTAGCAAAT-1,4
GGGTCTGGTGTTTGGT-1,1
GGGTCTGGTTCCACTC-1,1
GGGTCTGTCGTAGATC-1,2
GGGTCTGTCTCATTCA-1,1
GGGTTGCAGAAGCCCA-1,1
GGGTTGCAGCCAGGAT-1,4
GGGTTGCAGGTCGGAT-1,4
GGGTTGCCACGGATAG-1,1
GGGTTGCTCAATCTCT-1,3
GGGTTGCTCGCCAAAT-1,1
GGGTTGCTCTCTGCTG-1,4
GGGTTGCTCTGTCCGT-1,2
GGTATTGAGTGTCCAT-1,1
GGTATTGCAACTGGCC-1,4
GGTATTGCAGCCTTGG-1,3
GGTATTGGTGAGGCTA-1,2
GGTATTGGTGTCCTCT-1,1
GGTATTGTCAGCTCTC-1,1
GGTATTGTCCTCTAGC-1,2
GGTATTGTCTGACCTC-1,2
GGTGAAGAGTACGATA-1,2
GGTGAAGAGTCCATAC-1,1
GGTGAAGAGTCTTGCA-1,4
GGTGAAGCAATGACCT-1,2
GGTGAAGCAGGCAGTA-1,4
GGTGAAGCAGTAACGG-1,3
GGTGAAGGTACCTACA-1,1
GGTGAAGGTGTTGGGA-1,1
GGTGAAGGTTGCGCAC-1,1
GGTGCGTAGCGCCTCA-1,3
GGTGCGTAGTACGATA-1,2
GGTGCGTCACGAGAGT-1,1
GGTGCGTCATCGGACC-1,1
GGTGCGTGTCAGGACA-1,2
GGTGCGTGTTGCGTTA-1,1
GGTGCGTTCAAACCGT-1,1
GGTGCGTTCGCAGGCT-1,2
GGTGCGTTCTCGCTTG-1,1
GGTGTTAAGATCGATA-1,2
GGTGTTAAGCGTGAGT-1,2
GGTGTTAAGCTAGCCC-1,1
GGTGTTACAATAACGA-1,2
GGTGTTACACTGAAGG-1,1
GGTGTTACATGCAATC-1,2
GGTGTTAGTGATGCCC-1,1
GGTGTTATCCTTTACA-1,4
GTAACGTAGAATGTGT-1,1
GTAACGTAGAGGTAGA-1,3
GTAACGTCAATGTAAG-1,2
GTAACGTCACAGAGGT-1,3
GTAACGTCACCCATGG-1,1
GTAACGTTCAGTCCCT-1,2
GTAACGTTCCACGTGG-1,1
GTAACGTTCCTGCAGG-1,3
GTAACTGAGACTACAA-1,1
GTAACTGAGAGATGAG-1,3
GTAACTGCAGTATAAG-1,5
GTAACTGGTCGTGGCT-1,3
GTAACTGGTCTCGTTC-1,3
GTAACTGGTTCACGGC-1,2
GTAACTGGTTGGACCC-1,1
GTAACTGTCATGTCCC-1,4
GTAACTGTCCATGCTC-1,1
GTAACTGTCCTATTCA-1,2
GTACGTAAGATCCCAT-1,2
GTACGTAAGGCTAGCA-1,1
GTACGTAAGGGTCTCC-1,1
GTACGTAAGTACTTGC-1,1
GTACGTACAACAACCT-1,1
GTACGTACACACGCTG-1,1
GTACGTACATCGGAAG-1,3
GTACGTAGTAAGTTCC-1,2
GTACGTAGTGTAAGTA-1,2
GTACGTATCAAACCAC-1,1
GTACGTATCCCTCTTT-1,1
GTACGTATCTCACATT-1,2
GTACGTATCTCGTATT-1,2
GTACGTATCTTCATGT-1,1
GTACTCCAGACGCTTT-1,1
GTACTCCAGAGATGAG-1,1
GTACTCCAGGATATAC-1,3
GTACTCCCAACTTGAC-1,2
GTACTCCCAATAACGA-1,2
GTACTCCCACGAGAGT-1,3
GTACTCCGTGTGCGTC-1,1
GTACTCCGTTAGGGTG-1,1
GTACTCCTCCGTCATC-1,1
GTACTTTAGTCCTCCT-1,5
GTACTTTCACGTCAGC-1,1
GTACTTTCACTAGTAC-1,3
GTACTTTCATGAAGTA-1,1
GTACTTTGTAACGACG-1,2
GTACTTTGTCGCTTCT-1,2
GTACTTTTCCTGCTTG-1,1
GTACTTTTCGAGCCCA-1,1
GTACTTTTCGGATGTT-1,1
GTAGGCCAGGATGGAA-1,1
GTAGGCCCACAGGTTT-1,1
GTAGGCCCACCATCCT-1,2
GTAGGCCCACTAGTAC-1,1
GTAGGCCGTACGCTGC-1,2
GTAGGCCGTTCAGCGC-1,3
GTAGGCCGTTGTCTTT-1,2
GTAGGCCGTTTGGCGC-1,2
GTAGGCCTCCAGTATG-1,1
GTAGGCCTCCATGAGT-1,3
GTAGTCAAGAAGCCCA-1,2
GTAGTCAAGCGTAGTG-1,1
GTAGTCAAGGGTCTCC-1,4
GTAGTCACAAGCCGTC-1,1
GTAGTCACACGACGAA-1,1
GTAGTCACAGACAGGT-1,4
GTAGTCAGTCTTGCGG-1,6
GTAGTCATCACTTCAT-1,1
GTAGTCATCAGCTCTC-1,5
GTAGTCATCCAGTATG-1,2
GTAGTCATCTGTGCAA-1,1
GTATCTTAGGCTCAGA-1,2
GTATCTTAGTATTGGA-1,1
GTATCTTAGTGTTAGA-1,1
GTATCTTAGTTGTAGA-1,1
GTATCTTCAGATTGCT-1,1
GTATCTTCAGGATCGA-1,3
GTATCTTCATATGAGA-1,2
GTATCTTGTGTGAATA-1,2
GTATCTTGTTCGCTAA-1,1
GTATCTTTCATCATTC-1,1
GTATCTTTCCCAGGTG-1,1
GTATTCTAGAAAGTGG-1,1
GTATTCTAGGATGGAA-1,1
GTATTCTAGTATCTCG-1,3
GTATTCTCAATCCGAT-1,2
GTATTCTCACGTAAGG-1,1
GTATTCTGTAGGCTGA-1,1
GTATTCTGTAGTGAAT-1,2
GTATTCTGTCCAGTAT-1,1
GTATTCTGTCGACTGC-1,2
GTATTCTTCAAGAAGT-1,1
GTATTCTTCGTTTATC-1,2
GTATTCTTCTGATACG-1,2
GTATTCTTCTTGCAAG-1,5
GTCAAGTAGGGCTTGA-1,1
GTCAAGTCACACATGT-1,1
GTCAAGTCATCCAACA-1,2
GTCAAGTGTGCAACGA-1,2
GTCAAGTTCTAACTTC-1,3
GTCACAAAGGCAATTA-1,4
GTCACAAAGTGGTAGC-1,5
GTCACAAAGTGTTAGA-1,1
GTCACAACACATGACT-1,3
GTCACAACACCACGTG-1,1
GTCACAAGTATTCGTG-1,2
GTCACAAGTTGCCTCT-1,2
GTCACAATCCGGGTGT-1,2
GTCACAATCGGAAACG-1,1
GTCACGGAGCGAAGGG-1,4
GTCACGGAGCGATCCC-1,1
GTCACGGAGGGAGTAA-1,3
GTCACGGCAGATCTGT-1,4
GTCACGGCAGCCTATA-1,1
GTCACGGCATCGATGT-1,4
GTCACGGCATGTAAGA-1,3
GTCACGGGTAAGTTCC-1,6
GTCACGGGTCAGCTAT-1,4
GTCACGGGTCCGAAGA-1,3
GTCACGGTCAGCCTAA-1,2
GTCACGGTCAGTCAGT-1,3
GTCATTTAGAGACGAA-1,1
GTCATTTAGATGCCTT-1,4
GTCATTTAGCTATGCT-1,4
GTCATTTAGGCAGTCA-1,2
GTCATTTAGGGAAACA-1,4
GTCATTTCATGATCCA-1,1
GTCATTTGTCTCAACA-1,4
GTCATTTGTTGTGGCC-1,1
GTCCTCAAGAGGTAGA-1,2
GTCCTCAAGCCGCCTA-1,1
GTCCTCACAAACCTAC-1,1
GTCCTCACAATCGGTT-1,2
GTCCTCACACTCTGTC-1,1
GTCCTCACAGAGTGTG-1,1
GTCCTCACATCGGGTC-1,2
GTCCTCAGTAAGTGGC-1,1
GTCCTCAGTACGCACC-1,1
GTCCTCAGTGCCTTGG-1,1
GTCCTCAGTTGAGTTC-1,1
GTCCTCATCACAATGC-1,2
GTCCTCATCCCATTAT-1,1
GTCCTCATCTAAGCCA-1,1
GTCCTCATCTATCCTA-1,4
GTCCTCATCTGAGTGT-1,1
GTCCTCATCTTCAACT-1,1
GTCGGGTCAAGCGATG-1,3
GTCGGGTCACGTTGGC-1,2
GTCGGGTGTGCAGTAG-1,5
GTCGGGTGTTCCACAA-1,1
GTCGGGTTCACGGTTA-1,2
GTCGGGTTCTGCTTGC-1,4
GTCGTAAAGGTGTTAA-1,3
GTCGTAACAATGGAAT-1,1
GTCGTAAGTTTGGGCC-1,2
GTCGTAATCCGAGCCA-1,3
GTCTCGTAGGGTTTCT-1,2
GTCTCGTAGTGCCATT-1,1
GTCTCGTCAAACGCGA-1,1
GTCTCGTCAATGACCT-1,2
GTCTCGTGTGATGTGG-1,2
GTCTCGTGTTTCGCTC-1,3
GTCTCGTTCAAAGACA-1,1
GTCTCGTTCAACACGT-1,1
GTCTCGTTCAACCAAC-1,2
GTCTCGTTCATCTGTT-1,1
GTCTCGTTCCCACTTG-1,2
GTCTCGTTCCTATGTT-1,3
GTCTCGTTCGCAGGCT-1,4
GTCTCGTTCTACTCAT-1,1
GTCTTCGAGGGCTCTC-1,4
GTCTTCGCACATCTTT-1,4
GTCTTCGGTCTCTCTG-1,3
GTCTTCGGTGACTCAT-1,1
GTCTTCGGTTCCACTC-1,1
GTCTTCGGTTCTGTTT-1,1
GTCTTCGGTTTCCACC-1,2
GTCTTCGTCAACGGCC-1,2
GTCTTCGTCGATCCCT-1,1
GTGAAGGAGACAAGCC-1,3
GTGAAGGAGAGTAATC-1,4
GTGAAGGAGCCAGAAC-1,2
GTGAAGGAGCTACCGC-1,1
GTGAAGGAGGATGGAA-1,1
GTGAAGGAGTGCAAGC-1,2
GTGAAGGCAATAGAGT-1,1
GTGAAGGCACCCTATC-1,1
GTGAAGGGTGATGTGG-1,3
GTGAAGGGTTGGTGGA-1,1
GTGAAGGTCCACGTGG-1,2
GTGAAGGTCGTCACGG-1,1
GTGCAGCAGCGTCTAT-1,2
GTGCAGCAGCTTTGGT-1,3
GTGCAGCCACTTAAGC-1,1
GTGCAGCCAGGCAGTA-1,3
GTGCAGCCATGCGCAC-1,4
GTGCAGCCATTCGACA-1,1
GTGCAGCGTGACGGTA-1,3
GTGCAGCTCAAGGTAA-1,3
GTGCAGCTCAGTTAGC-1,4
GTGCAGCTCATACGGT-1,1
GTGCATAAGAACTCGG-1,4
GTGCATAAGCTAAGAT-1,1
GTGCATAAGGACGAAA-1,1
GTGCATAGTAACGACG-1,2
GTGCATAGTAAGAGGA-1,4
GTGCGGTAGACGACGT-1,1
GTGCGGTCAATCGGTT-1,3
GTGCGGTCATCCGGGT-1,5
GTGCGGTGTAAGTAGT-1,4
GTGCGGTTCTAACTGG-1,1
GTGCTTCAGACTTGAA-1,4
GTGCTTCAGCCCAGCT-1,2
GTGCTTCAGGCTAGAC-1,2
GTGCTTCAGGCTCTTA-1,2
GTGCTTCCACCACGTG-1,1
GTGCTTCCAGCTGTAT-1,1
GTGCTTCCAGGGTTAG-1,1
GTGCTTCGTTCCCTTG-1,1
GTGCTTCGTTGTCTTT-1,1
GTGCTTCTCCACTGGG-1,4
GTGCTTCTCTTAGCCC-1,4
GTGGGTCAGACCCACC-1,2
GTGGGTCAGACTAAGT-1,1
GTGGGTCAGAGAACAG-1,2
GTGGGTCAGTACGATA-1,4
GTGGGTCCAGCTCGAC-1,3
GTGGGTCCATACGCCG-1,4
GTGGGTCGTCAGAGGT-1,2
GTGGGTCGTCCGAAGA-1,2
GTGGGTCGTTCGTGAT-1,1
GTGGGTCTCTGATTCT-1,1
GTGTGCGAGTACGATA-1,1
GTGTGCGGTAGCTTGT-1,1
GTGTGCGGTCCTAGCG-1,1
GTGTGCGTCGAGAGCA-1,1
GTGTGCGTCGGCTTGG-1,4
GTGTGCGTCTAACTGG-1,1
GTGTTAGAGAATGTTG-1,6
GTGTTAGAGTCAAGGC-1,1
GTGTTAGCAAACAACA-1,4
GTGTTAGCATCACCCT-1,4
GTGTTAGTCACGCATA-1,2
GTGTTAGTCGCGGATC-1,1
GTGTTAGTCGGCGGTT-1,2
GTTAAGCAGTGAACGC-1,2
GTTAAGCAGTGAAGAG-1,2
GTTAAGCCAATCCGAT-1,1
GTTAAGCGTCGCATAT-1,1
GTTAAGCTCAATCACG-1,1
GTTAAGCTCCACTCCA-1,6
GTTACAGAGGTAGCCA-1,3
GTTACAGAGTTATCGC-1,2
GTTACAGGTCGCATCG-1,1
GTTACAGGTCGTGGCT-1,1
GTTACAGGTCTCTTAT-1,2
GTTACAGTCCGGCACA-1,1
GTTCATTAGCTGTTCA-1,1
GTTCATTAGGGTGTGT-1,4
GTTCATTAGTTAACGA-1,4
GTTCATTCAGGGTTAG-1,1
GTTCATTCATCTCCCA-1,1
GTTCATTTCGCCATAA-1,2
GTTCGGGAGAGTCTGG-1,1
GTTCGGGAGGGTCTCC-1,2
GTTCGGGCAAGTTAAG-1,4
GTTCGGGCAGATCTGT-1,3
GTTCGGGCAGTAGAGC-1,1
GTTCGGGCATCGATTG-1,1
GTTCGGGGTCATACTG-1,1
GTTCGGGGTCGAGATG-1,1
GTTCGGGGTTAAGTAG-1,1
GTTCGGGGTTCACCTC-1,1
GTTCGGGTCTTGAGAC-1,2
GTTCTCGAGAAACGCC-1,1
GTTCTCGCACCAGCAC-1,1
GTTCTCGCACTAAGTC-1,1
GTTCTCGCATGCCTAA-1,1
GTTCTCGGTCCTGCTT-1,5
GTTCTCGGTCTCACCT-1,1
GTTCTCGGTGGCAAAC-1,1
GTTCTCGTCACCGGGT-1,4
GTTCTCGTCTTGACGA-1,3
GTTTCTAGTAAATGTG-1,1
GTTTCTAGTAAGTAGT-1,1
TAAACCGAGATGCCTT-1,3
TAAACCGAGCTATGCT-1,1
TAAACCGAGGCATTGG-1,1
TAAACCGCATGGTTGT-1,1
TAAACCGGTAGCAAAT-1,1
TAAACCGGTCTCACCT-1,1
TAAACCGTCACATGCA-1,2
TAAACCGTCACTGGGC-1,2
TAAACCGTCCCGGATG-1,2
TAAGAGAAGCCGATTT-1,1
TAAGAGAAGCTAACAA-1,1
TAAGAGAAGCTGTCTA-1,1
TAAGAGACACATTCGA-1,2
TAAGAGACACGTGAGA-1,1
TAAGAGAGTAGGGACT-1,3
TAAGAGAGTCTCGTTC-1,1
TAAGAGAGTGCCTGTG-1,3
TAAGAGAGTGCTAGCC-1,1
TAAGAGAGTTCCGTCT-1,4
TAAGAGATCGTAGGAG-1,1
TAAGCGTAGCTGAAAT-1,3
TAAGCGTAGTTTCCTT-1,1
TAAGCGTCACGTTGGC-1,1
TAAGCGTCACTGAAGG-1,3
TAAGCGTCATCGATTG-1,1
TAAGCGTGTCCCGACA-1,1
TAAGCGTTCACTTATC-1,1
TAAGCGTTCGCCGTGA-1,1
TAAGTGCAGCTGAAAT-1,1
TAAGTGCCACTGCCAG-1,2
TAAGTGCGTCCGTCAG-1,4
TAAGTGCTCGGTCTAA-1,4
TACACGAAGGGTCTCC-1,1
TACACGAAGTAACCCT-1,4
TACACGACAAGCCTAT-1,3
TACACGACACGTCTCT-1,3
TACACGACATATACGC-1,2
TACACGAGTACCGTTA-1,4
TACACGAGTGCACTTA-1,3
TACACGATCTAAGCCA-1,1
TACAGTGAGCCGTCGT-1,1
TACAGTGAGTACGCCC-1,1
TACAGTGCAACTGGCC-1,3
TACAGTGCAGACAAGC-1,4
TACAGTGCATACTCTT-1,2
TACAGTGGTAAGTAGT-1,4
TACAGTGGTATTACCG-1,4
TACAGTGGTCGACTGC-1,1
TACAGTGGTTTGCATG-1,1
TACAGTGTCCGCTGTT-1,1
TACAGTGTCGTACCGG-1,1
TACCTATAGTGGTCCC-1,3
TACCTATAGTTAACGA-1,5
TACCTATCACCAACCG-1,1
TACCTATCACGGACAA-1,2
TACCTATCACGGATAG-1,1
TACCTATCAGATGGGT-1,1
TACCTATCATTGGGCC-1,1
TACCTATGTCACACGC-1,2
TACCTATGTCCATGAT-1,5
TACCTATGTCTTCGTC-1,3
TACCTATTCAGGCGAA-1,2
TACCTATTCCAGAAGG-1,1
TACCTTAAGATGTGGC-1,4
TACCTTAAGTGTGAAT-1,2
TACCTTACAGAAGCAC-1,3
TACCTTACAGTGGGAT-1,1
TACCTTACATCCGGGT-1,4
TACCTTAGTTACTGAC-1,5
TACCTTAGTTTCGCTC-1,1
TACCTTATCACCACCT-1,4
TACCTTATCGATCCCT-1,1
TACGGATAGAAACGAG-1,2
TACGGATAGAAGGACA-1,3
TACGGATAGATGTTAG-1,2
TACGGATAGGTTCCTA-1,3
TACGGATCAATGAAAC-1,3
TACGGATGTAGGGTAC-1,1
TACGGATGTCTGGAGA-1,1
TACGGATTCGCGGATC-1,1
TACGGATTCTCTGTCG-1,1
TACGGATTCTTGTATC-1,1
TACGGGCCAGGGCATA-1,3
TACGGGCCATCCTTGC-1,2
TACGGGCGTCAGAATA-1,1
TACGGGCGTGCCTGCA-1,1
TACGGGCGTTAGGGTG-1,2
TACGGGCTCGGACAAG-1,1
TACGGTAAGGCGACAT-1,1
TACGGTACAACACCCG-1,1
TACGGTACACCCTATC-1,1
TACGGTACAGCTGTGC-1,4
TACGGTAGTCGAATCT-1,1
TACGGTATCAACACTG-1,1
TACGGTATCCGAAGAG-1,2
TACGGTATCGCTGATA-1,2
TACTCATAGGTAGCTG-1,2
TACTCATCAAGGTGTG-1,3
TACTCATCATATACGC-1,1
TACTCATGTTCGCTAA-1,2
TACTCATTCAGTTCGA-1,1
TACTCATTCGTACCGG-1,2
TACTCGCCAGGATCGA-1,3
TACTCGCGTACCAGTT-1,3
TACTCGCGTACCATCA-1,3
TACTCGCGTATAATGG-1,2
TACTCGCGTCGAGTTT-1,1
TACTCGCTCAACGGCC-1,2
TACTCGCTCCACTGGG-1,2
TACTTACAGAAACCTA-1,2
TACTTACAGGTTACCT-1,1
TACTTACCAAACGCGA-1,4
TACTTACCAATCGAAA-1,4
TACTTACCACTAGTAC-1,1
TACTTACCAGACAAGC-1,1
TACTTACGTAGTGAAT-1,1
TACTTACGTCCATGAT-1,3
TACTTACTCAAAGTAG-1,2
TACTTACTCGCGCCAA-1,6
TACTTACTCTTCTGGC-1,3
TACTTGTAGCCCGAAA-1,3
TACTTGTAGCGCCTTG-1,1
TACTTGTAGGGAACGG-1,2
TACTTGTAGTGCCAGA-1,2
TACTTGTCACCGTTGG-1,1
TACTTGTCAGGCTCAC-1,1
TACTTGTCATATACCG-1,2
TACTTGTGTAGCTTGT-1,2
TACTTGTGTCTCACCT-1,2
TACTTGTGTGCCTGGT-1,3
TACTTGTTCGAGGTAG-1,1
TACTTGTTCGCAGGCT-1,4
TAGACCAAGTGGTAGC-1,1
TAGACCACAATGGTCT-1,1
TAGACCACACATAACC-1,3
TAGACCACAGAGTGTG-1,4
TAGACCAGTAGGGTAC-1,2
TAGACCATCAGATAAG-1,2
TAGACCATCAGCGATT-1,1
TAGACCATCAGGATCT-1,2
TAGAGCTAGACAATAC-1,1
TAGAGCTAGCCAACAG-1,3
TAGAGCTAGGTTACCT-1,1
TAGAGCTCACGAGAGT-1,2
TAGAGCTCAGCTCGAC-1,4
TAGAGCTCATCTACGA-1,4
TAGAGCTGTACTTCTT-1,2
TAGAGCTGTCCTCCAT-1,2
TAGAGCTGTGGACGAT-1,5
TAGAGCTGTGGCCCTA-1,5
TAGAGCTTCCCAAGAT-1,1
TAGAGCTTCCGAGCCA-1,1
TAGAGCTTCTACCAGA-1,1
TAGCCGGAGATATGGT-1,4
TAGCCGGCAAACTGCT-1,4
TAGCCGGCACTAAGTC-1,3
TAGCCGGCATCCCACT-1,2
TAGCCGGGTCCCTTGT-1,1
TAGCCGGGTCTAGTCA-1,3
TAGCCGGGTCTCCACT-1,2
TAGCCGGGTGCAGACA-1,4
TAGCCGGGTGCAGGTA-1,1
TAGCCGGTCAATCTCT-1,2
TAGCCGGTCGCAGGCT-1,1
TAGGCATCAGAGCCAA-1,1
TAGGCATGTGATGCCC-1,2
TAGGCATGTTCCGTCT-1,1
TAGGCATTCCCAAGTA-1,1
TAGTGGTAGAAGGTGA-1,2
TAGTGGTCATCCAACA-1,4
TAGTGGTCATCGGACC-1,3
TAGTGGTCATGGTAGG-1,1
TAGTGGTGTGCGAAAC-1,4
TAGTGGTGTTACCGAT-1,1
TAGTGGTGTTGGTGGA-1,1
TAGTGGTTCGAATGCT-1,2
TAGTGGTTCGCCTGTT-1,2
TAGTTGGAGAACTCGG-1,1
TAGTTGGCACTAGTAC-1,1
TAGTTGGGTCGAAAGC-1,2
TAGTTGGTCAGCCTAA-1,2
TAGTTGGTCAGTCAGT-1,1
TAGTTGGTCTTGAGGT-1,1
TATCAGGAGGTAGCTG-1,1
TATCAGGAGTTTCCTT-1,3
TATCAGGCACCACGTG-1,2
TATCAGGCAGTGGAGT-1,2
TATCAGGGTACCGTAT-1,1
TATCAGGGTGGTCCGT-1,2
TATCAGGGTTACTGAC-1,1
TATCAGGGTTGATTGC-1,1
TATCAGGGTTGGTAAA-1,1
TATCAGGTCATGCTCC-1,1
TATCAGGTCCAAACAC-1,1
TATCAGGTCGTCTGAA-1,1
TATCAGGTCTGAGGGA-1,3
TATCAGGTCTGTGCAA-1,1
TATCAGGTCTTGTATC-1,2
TATCTCAAGCTGGAAC-1,3
TATCTCAAGCTTCGCG-1,1
TATCTCAAGGATGTAT-1,1
TATCTCACAACGCACC-1,2
TATCTCACATTTGCCC-1,2
TATCTCAGTATTAGCC-1,2
TATCTCATCATAAAGG-1,4
TATCTCATCCAAACTG-1,1
TATCTCATCCGCAGTG-1,4
TATCTCATCGACCAGC-1,1
TATGCCCAGAGCTATA-1,3
TATGCCCAGCGGCTTC-1,1
TATGCCCAGGGCATGT-1,2
TATGCCCCACTCTGTC-1,1
TATGCCCCATTTGCCC-1,2
TATGCCCGTGAGGGAG-1,2
TATGCCCGTTAGGGTG-1,3
TATGCCCTCTGCTTGC-1,2
TATTACCAGTCATGCT-1,1
TATTACCAGTGAACAT-1,1
TATTACCCACTGAAGG-1,1
TATTACCCAGCTGCTG-1,1
TATTACCCATTGGCGC-1,3
TATTACCGTACCAGTT-1,4
TATTACCGTATAATGG-1,1
TATTACCGTCGCGTGT-1,4
TATTACCGTTATGTGC-1,4
TATTACCTCCCATTTA-1,2
TATTACCTCTCATTCA-1,1
TCAACGAAGCGAGAAA-1,1
TCAACGAAGCTAGGCA-1,3
TCAACGAAGCTGCCCA-1,4
TCAACGAAGCTTATCG-1,2
TCAACGAAGGCCATAG-1,3
TCAACGAAGTTAACGA-1,1
TCAACGACACGTCTCT-1,1
TCAACGACACTTGGAT-1,1
TCAACGACATTCACTT-1,2
TCAACGAGTCCGAAGA-1,2
TCAACGATCTCAACTT-1,2
TCAATCTAGCGCTTAT-1,4
TCAATCTCATGCCACG-1,2
TCAATCTCATTCACTT-1,4
TCAATCTGTAAGGGAA-1,1
TCAATCTGTTCCGTCT-1,1
TCAATCTGTTTGCATG-1,3
TCAATCTTCGGTGTCG-1,4
TCACAAGAGCAGCCTC-1,1
TCACAAGAGGAGTAGA-1,1
TCACAAGAGTGTCTCA-1,1
TCACAAGCACCTCGTT-1,2
TCACAAGCACGTTGGC-1,1
TCACAAGGTAGCTCCG-1,1
TCACAAGGTCCAACTA-1,4
TCACAAGGTCTTGTCC-1,1
TCACAAGGTGTCAATC-1,1
TCACAAGGTTCAGTAC-1,3
TCACAAGGTTGTGGCC-1,1
TCACAAGGTTTGTGTG-1,3
TCACAAGTCCAAACAC-1,3
TCACAAGTCCGTCAAA-1,1
TCACAAGTCCTCGCAT-1,1
TCACAAGTCGCCTGAG-1,1
TCACGAAAGCAGATCG-1,1
TCACGAAAGGTGATTA-1,3
TCACGAAAGTATCTCG-1,3
TCACGAACAGGTCGTC-1,1
TCACGAACAGTAGAGC-1,4
TCACGAACAGTGACAG-1,1
TCACGAAGTTGCTCCT-1,1
TCACGAATCAAGATCC-1,3
TCACGAATCCTACAGA-1,1
TCACGAATCGTCTGAA-1,1
TCAGATGAGCTCCTTC-1,1
TCAGATGAGTCCATAC-1,4
TCAGATGTCAGGTTCA-1,2
TCAGATGTCGCAAACT-1,5
TCAGCAAAGAAGCCCA-1,2
TCAGCAAAGCTTATCG-1,3
TCAGCAAAGGCACATG-1,1
TCAGCAAAGGGATCTG-1,1
TCAGCAACAATCACAC-1,1
TCAGCAACAATGGAGC-1,3
TCAGCAACACTAGTAC-1,1
TCAGCAAGTGCCTGTG-1,4
TCAGCAAGTGCTTCTC-1,1
TCAGCAAGTTCACGGC-1,2
TCAGCTCAGTAGTGCG-1,4
TCAGCTCCAAGTAGTA-1,1
TCAGCTCCAATGTAAG-1,4
TCAGCTCCACGACTCG-1,1
TCAGCTCCAGATGGCA-1,1
TCAGCTCCATTGGTAC-1,4
TCAGCTCGTATCTGCA-1,1
TCAGCTCGTCGCTTTC-1,3
TCAGCTCGTTGTACAC-1,1
TCAGCTCTCACCACCT-1,2
TCAGCTCTCGCCTGTT-1,1
TCAGCTCTCGTCGTTC-1,1
TCAGCTCTCTGCTTGC-1,5
TCAGCTCTCTTGCCGT-1,1
TCAGGATAGAGTCTGG-1,1
TCAGGATAGCGGATCA-1,3
TCAGGATGTCCTAGCG-1,2
TCAGGATGTTGGTAAA-1,1
TCAGGATTCATTGCGA-1,2
TCAGGTAAGGAATTAC-1,2
TCAGGTACAATCGAAA-1,2
TCAGGTACAGTCAGCC-1,4
TCAGGTAGTAGCGTGA-1,4
TCAGGTATCACCCTCA-1,3
TCAGGTATCCGTTGTC-1,4
TCAGGTATCTATGTGG-1,1
TCATTACCAACGATCT-1,2
TCATTACCAAGTAATG-1,1
TCATTACCACAGAGGT-1,2
TCATTACCATTGAGCT-1,2
TCATTACGTCACCCAG-1,3
TCATTACGTCTCATCC-1,3
TCATTTGAGAACAACT-1,1
TCATTTGAGAATAGGG-1,1
TCATTTGAGCAAATCA-1,2
TCATTTGAGCACACAG-1,1
TCATTTGAGTACACCT-1,1
TCATTTGCACCTCGGA-1,1
TCATTTGCACCTGGTG-1,2
TCATTTGGTGGGTCAA-1,1
TCATTTGTCCATGAGT-1,1
TCCACACAGGGAGTAA-1,1
TCCACACAGTCCGTAT-1,2
TCCACACGTCTTGTCC-1,1
TCCACACGTGTCTGAT-1,4
TCCACACTCCGCGTTT-1,4
TCCCGATAGACTACAA-1,4
TCCCGATAGTGGTCCC-1,1
TCCCGATCATGGATGG-1,2
TCCCGATGTCTCAACA-1,2
TCCCGATTCCAGTATG-1,1
TCCCGATTCCTACAGA-1,3
TCCCGATTCCTCATTA-1,1
TCGAGGCAGGAGTTTA-1,1
TCGAGGCAGGATGTAT-1,2
TCGAGGCAGGGAACGG-1,2
TCGAGGCAGGTAGCTG-1,1
TCGAGGCCACACCGCA-1,2
TCGAGGCCATCCTTGC-1,2
TCGAGGCGTCTACCTC-1,2
TCGAGGCGTGTGAAAT-1,1
TCGAGGCGTTAAGACA-1,3
TCGAGGCGTTCGCGAC-1,1
TCGCGAGCACGAAGCA-1,5
TCGCGAGCAGACAAAT-1,1
TCGCGAGGTGCAACGA-1,1
TCGCGAGGTGCTTCTC-1,1
TCGCGTTAGCATCATC-1,1
TCGCGTTAGTTAGCGG-1,1
TCGCGTTCACGGCTAC-1,1
TCGCGTTCATCGATTG-1,3
TCGCGTTGTACGAAAT-1,1
TCGCGTTGTGTGACCC-1,1
TCGCGTTTCAGCATGT-1,1
TCGCGTTTCATGGTCA-1,3
TCGCGTTTCGACAGCC-1,2
TCGCGTTTCTGAAAGA-1,2
TCGGGACAGCGATTCT-1,1
TCGGGACAGCGTGAGT-1,5
TCGGGACAGTGTACGG-1,3
TCGGGACCACGGACAA-1,1
TCGGGACCAGGACGTA-1,1
TCGGGACGTGTGGTTT-1,1
TCGGGACGTTCTGAAC-1,1
TCGGGACGTTTGGGCC-1,1
TCGGGACTCCCAACGG-1,3
TCGGGACTCTGAAAGA-1,1
TCGGGACTCTTGCATT-1,2
TCGGTAAAGTTTCCTT-1,4
TCGGTAAGTCGCATAT-1,1
TCGGTAAGTGTTCTTT-1,1
TCGGTAAGTTCTGAAC-1,3
TCGGTAATCGTCTGCT-1,3
TCGGTAATCTCGCTTG-1,4
TCGTACCAGCAGGCTA-1,2
TCGTACCAGCCAGTTT-1,1
TCGTACCAGCGCCTCA-1,1
TCGTACCAGCTAAACA-1,4
TCGTACCAGGATCGCA-1,2
TCGTACCAGGCTCATT-1,1
TCGTACCAGTATTGGA-1,2
TCGTACCGTTCAGCGC-1,1
TCGTACCTCGGCGCAT-1,1
TCGTAGACAATTGCTG-1,1
TCGTAGACACTAAGTC-1,1
TCGTAGACAGTTTACG-1,4
TCGTAGACATCTCGCT-1,4
TCGTAGACATTCCTGC-1,3
TCGTAGAGTCATACTG-1,1
TCGTAGAGTCCAGTTA-1,2
TCGTAGAGTGCGAAAC-1,2
TCGTAGAGTTCCACTC-1,2
TCGTAGATCACATAGC-1,1
TCGTAGATCGCCTGAG-1,1
TCGTAGATCTGGTGTA-1,3
TCGTAGATCTTCATGT-1,4
TCTATTGAGACAGGCT-1,4
TCTATTGAGCGTTTAC-1,2
TCTATTGAGCTAGTCT-1,4
TCTATTGAGGAGTCTG-1,1
TCTATTGCAAGCGAGT-1,1
TCTATTGCAGCCACCA-1,3
TCTATTGCAGCCTTTC-1,1
TCTATTGCATACTCTT-1,1
TCTATTGGTGAGTGAC-1,1
TCTATTGTCACCATAG-1,2
TCTATTGTCACCCTCA-1,1
TCTATTGTCATACGGT-1,4
TCTATTGTCATCTGTT-1,3
TCTCATAAGAAACCTA-1,4
TCTCATAAGATAGGAG-1,6
TCTCATAAGCGTGTCC-1,1
TCTCATAAGTTAGCGG-1,1
TCTCATAAGTTGCAGG-1,1
TCTCATACACATCCGG-1,1
TCTCATACACGCATCG-1,1
TCTCATACAGGATTGG-1,2
TCTCATAGTAGCTTGT-1,3
TCTCATAGTCGCGAAA-1,1
TCTCATAGTTTGCATG-1,2
TCTCATATCAGCTCTC-1,1
TCTCATATCTGCGTAA-1,1
TCTCATATCTGGTTCC-1,1
TCTCTAAAGCACCGCT-1,1
TCTCTAACAACACCCG-1,2
TCTCTAACAACTTGAC-1,2
TCTCTAACATCTCGCT-1,3
TCTCTAAGTATATGGA-1,1
TCTCTAATCAACGGGA-1,4
TCTCTAATCACTCCTG-1,1
TCTCTAATCAGCAACT-1,1
TCTCTAATCAGGTAAA-1,4
TCTCTAATCCAGAAGG-1,2
TCTCTAATCCAGATCA-1,2
TCTGAGAAGGCCCTTG-1,1
TCTGAGAAGTGCAAGC-1,1
TCTGAGAGTATGCTTG-1,3
TCTGAGAGTCACTGGC-1,3
TCTGAGATCAACACAC-1,1
TCTGAGATCAAGATCC-1,2
TCTGAGATCCACGTTC-1,2
TCTGGAAAGAACTGTA-1,1
TCTGGAAAGAGTACAT-1,1
TCTGGAAAGCGAAGGG-1,2
TCTGGAAGTAAGGGCT-1,1
TCTGGAAGTACGCTGC-1,1
TCTGGAAGTTCAGTAC-1,3
TCTGGAATCACATAGC-1,1
TCTGGAATCAGTCAGT-1,1
TCTGGAATCCTCCTAG-1,5
TCTTCGGAGTGAACAT-1,1
TCTTCGGAGTTTCCTT-1,1
TCTTCGGGTAGCGCTC-1,4
TCTTCGGGTCTCCCTA-1,2
TCTTCGGTCACAGGCC-1,3
TCTTCGGTCCTCAACC-1,1
TCTTCGGTCGGAGCAA-1,1
TCTTTCCAGCTAGTTC-1,1
TCTTTCCCACACCGAC-1,2
TCTTTCCGTCTGATCA-1,1
TCTTTCCGTTTGTTGG-1,2
TCTTTCCTCCCAGGTG-1,3
TCTTTCCTCCGTAGTA-1,3
TCTTTCCTCGAACTGT-1,1
TCTTTCCTCGCGCCAA-1,3
TCTTTCCTCTGGCGAC-1,1
TGAAAGAAGCCACTAT-1,1
TGAAAGAAGTGAAGAG-1,1
TGAAAGACAGATGGGT-1,1
TGAAAGACATCTCCCA-1,2
TGAAAGATCAAGCCTA-1,1
TGAAAGATCATGTAGC-1,1
TGAAAGATCCAATGGT-1,3
TGAAAGATCTGCGACG-1,1
TGACAACAGAGCTATA-1,2
TGACAACAGCCAGAAC-1,2
TGACAACAGCGATTCT-1,2
TGACAACAGCGCCTCA-1,1
TGACAACCAAGCCTAT-1,2
TGACAACCATAGTAAG-1,1
TGACAACGTCTAGAGG-1,1
TGACAACGTGAGTGAC-1,2
TGACAACGTGCGATAG-1,1
TGACAACTCAGTACGT-1,2
TGACAACTCATTGCCC-1,1
TGACAACTCCCTCTTT-1,4
TGACAACTCGTAGATC-1,3
TGACAACTCTCGTTTA-1,2
TGACGGCAGTGTCTCA-1,1
TGACGGCCAGCGTAAG-1,3
TGACGGCCAGGGAGAG-1,3
TGACGGCCAGTATCTG-1,2
TGACGGCCATGCTGGC-1,6
TGACGGCGTATGAAAC-1,3
TGACGGCTCATCTGTT-1,1
TGACGGCTCCTGCTTG-1,2
TGACGGCTCGGTTAAC-1,5
TGACGGCTCGTTGACA-1,3
TGACTAGAGTACGCGA-1,5
TGACTAGAGTTAGCGG-1,1
TGACTAGAGTTGCAGG-1,2
TGACTAGAGTTTCCTT-1,2
TGACTAGGTTAAGAAC-1,3
TGACTAGGTTAAGTAG-1,1
TGACTAGTCGCCAAAT-1,1
TGACTTTAGAACTGTA-1,4
TGACTTTAGAAGGACA-1,5
TGACTTTAGACAAGCC-1,4
TGACTTTAGAGATGAG-1,1
TGACTTTAGTGTGAAT-1,2
TGACTTTCAAGAGTCG-1,2
TGACTTTCATGACGGA-1,4
TGACTTTGTCTCTCGT-1,1
TGACTTTTCGCTAGCG-1,2
TGACTTTTCGGAGCAA-1,3
TGAGAGGAGATATACG-1,4
TGAGAGGAGCAGGCTA-1,3
TGAGAGGAGTTAAGTG-1,1
TGAGAGGCAGCGTAAG-1,1
TGAGAGGCAGGATTGG-1,5
TGAGAGGGTTCAGACT-1,3
TGAGAGGGTTGAGTTC-1,4
TGAGAGGTCATTTGGG-1,2
TGAGAGGTCTGCCAGG-1,1
TGAGCATAGCGTCAAG-1,4
TGAGCATAGTACGATA-1,5
TGAGCATAGTGACTCT-1,1
TGAGCATCAGTATGCT-1,1
TGAGCATGTAATCGTC-1,1
TGAGCATGTCAGAATA-1,1
TGAGCATTCCAGATCA-1,3
TGAGCATTCTTGCATT-1,4
TGAGCATTCTTGGGTA-1,2
TGAGCCGAGACAGGCT-1,2
TGAGCCGAGACATAAC-1,3
TGAGCCGAGGCCGAAT-1,4
TGAGCCGCAAGCCCAC-1,1
TGAGCCGCAAGTTGTC-1,5
TGAGCCGCAGGACCCT-1,2
TGAGCCGCAGTATGCT-1,4
TGAGCCGCATCACCCT-1,1
TGAGCCGGTCTACCTC-1,1
TGAGCCGTCATTTGGG-1,1
TGAGGGAAGAAACCTA-1,2
TGAGGGAAGAGTACCG-1,2
TGAGGGAAGATATACG-1,3
TGAGGGAAGTACCGGA-1,2
TGAGGGAAGTGGTAGC-1,2
TGAGGGACACCATGTA-1,4
TGAGGGATCCTAAGTG-1,5
TGAGGGATCTGCCCTA-1,5
TGATTTCAGCGAGAAA-1,2
TGATTTCAGCTAGTCT-1,2
TGATTTCAGGGCTTCC-1,1
TGATTTCAGTGGGCTA-1,2
TGATTTCCACAGCCCA-1,1
TGATTTCCAGCTCGAC-1,1
TGATTTCGTAACGTTC-1,3
TGATTTCGTAGCGTAG-1,3
TGATTTCGTCCGTCAG-1,1
TGATTTCGTTCACCTC-1,4
TGATTTCTCAGCTCTC-1,1
TGATTTCTCATGCATG-1,2
TGATTTCTCCGTAGTA-1,3
TGCACCTAGCCACGCT-1,4
TGCACCTAGGCTAGGT-1,2
TGCACCTCAGGCTGAA-1,1
TGCACCTCATAGTAAG-1,2
TGCACCTGTATAAACG-1,1
TGCACCTTCCTTTACA-1,4
TGCCAAAAGACGACGT-1,3
TGCCAAAAGATGTAAC-1,1
TGCCAAAAGCCGATTT-1,2
TGCCAAACACAGGTTT-1,3
TGCCAAACACATTAGC-1,1
TGCCAAACATCCCACT-1,1
TGCCAAACATGACATC-1,1
TGCCAAACATTCCTGC-1,2
TGCCAAAGTCGAATCT-1,1
TGCCAAAGTCTAGTGT-1,3
TGCCAAAGTTTGACAC-1,1
TGCCAAATCGAGAGCA-1,2
TGCCCATAGCCTTGAT-1,4
TGCCCATAGGGAACGG-1,1
TGCCCATAGGGTCTCC-1,1
TGCCCATAGTGCAAGC-1,1
TGCCCATAGTGGTAGC-1,4
TGCCCATGTACAGTGG-1,2
TGCCCATGTAGCCTCG-1,1
TGCCCATGTGTTTGTG-1,1
TGCCCATGTTATTCTC-1,1
TGCCCTACAATAGCGG-1,1
TGCCCTACACAGGAGT-1,3
TGCCCTACACTGTCGG-1,2
TGCCCTACATCCCATC-1,3
TGCCCTACATCCTTGC-1,2
TGCCCTAGTCGCGTGT-1,1
TGCCCTAGTTATCGGT-1,1
TGCCCTATCAAGGTAA-1,4
TGCCCTATCCACTCCA-1,1
TGCCCTATCGCAAGCC-1,4
TGCCCTATCTTCATGT-1,3
TGCCCTATCTTGCAAG-1,1
TGCGCAGAGCTTCGCG-1,2
TGCGCAGAGTCAAGCG-1,6
TGCGCAGGTAGAGTGC-1,2
TGCGCAGGTATCACCA-1,1
TGCGCAGGTCACTTCC-1,1
TGCGCAGGTCGAGTTT-1,3
TGCGCAGTCGAGCCCA-1,2
TGCGCAGTCTCTAAGG-1,2
TGCGGGTAGTGGCACA-1,1
TGCGGGTAGTGGGCTA-1,1
TGCGGGTAGTTGAGTA-1,1
TGCGGGTCACAGTCGC-1,2
TGCGGGTCACATCCGG-1,1
TGCGGGTCACTTAACG-1,1
TGCGGGTGTCAGAATA-1,1
TGCGGGTTCGTAGGTT-1,1
TGCGGGTTCTGGTGTA-1,4
TGCGTGGAGGTCGGAT-1,3
TGCGTGGCATTACCTT-1,1
TGCGTGGGTACAGCAG-1,1
TGCGTGGTCACCAGGC-1,3
TGCGTGGTCACTCCTG-1,1
TGCGTGGTCATACGGT-1,5
TGCGTGGTCCACGAAT-1,1
TGCGTGGTCTTGAGGT-1,1
TGCTACCAGCGATATA-1,3
TGCTACCAGGCAGGTT-1,4
TGCTACCCATTTCAGG-1,2
TGCTACCGTACACCGC-1,2
TGCTACCGTAGCGCAA-1,1
TGCTACCTCGAGAACG-1,1
TGCTACCTCGCTTAGA-1,3
TGCTACCTCTGCGGCA-1,2
TGCTGCTAGGCGCTCT-1,1
TGCTGCTAGGTTCCTA-1,2
TGCTGCTCAGTCGATT-1,2
TGCTGCTCATGACGGA-1,1
TGCTGCTGTTCGAATC-1,1
TGCTGCTGTTTGTGTG-1,2
TGGACGCAGTACACCT-1,2
TGGACGCAGTGACATA-1,1
TGGACGCAGTGCGTGA-1,1
TGGACGCCAGCATGAG-1,1
TGGACGCGTAAAGTCA-1,5
TGGACGCGTAGAAGGA-1,2
TGGACGCGTGTTCGAT-1,5
TGGACGCTCCTGCAGG-1,2
TGGACGCTCGGAAATA-1,5
TGGACGCTCTAGAGTC-1,2
TGGCCAGAGGGATACC-1,2
TGGCCAGCAGCCTTTC-1,1
TGGCCAGCATTCGACA-1,1
TGGCCAGGTACAGTGG-1,1
TGGCCAGGTGCCTTGG-1,1
TGGCCAGGTGGCTCCA-1,1
TGGCCAGGTGGTACAG-1,1
TGGCCAGTCCGGCACA-1,1
TGGCCAGTCTAACTGG-1,1
TGGCCAGTCTACTATC-1,5
TGGCGCAAGCAGGCTA-1,3
TGGCGCAAGCTAAGAT-1,1
TGGCGCAAGTTCGATC-1,1
TGGCGCAGTCATGCCG-1,2
TGGCGCAGTCGGCTCA-1,3
TGGCGCAGTCTCGTTC-1,1
TGGCGCAGTGGCAAAC-1,3
TGGCGCATCGGAGGTA-1,4
TGGCTGGAGTCCGTAT-1,1
TGGCTGGCAATTGCTG-1,2
TGGCTGGCACTATCTT-1,4
TGGCTGGCAGTATAAG-1,1
TGGCTGGCATGTCGAT-1,1
TGGCTGGGTACCATCA-1,3
TGGCTGGGTGGTCCGT-1,1
TGGCTGGGTTACGACT-1,2
TGGCTGGTCATTATCC-1,3
TGGGAAGAGTGGTCCC-1,2
TGGGAAGCAAGAAGAG-1,1
TGGGAAGCACAGAGGT-1,3
TGGGAAGCATATACCG-1,1
TGGGAAGGTCTAGGTT-1,2
TGGGAAGTCAACACAC-1,1
TGGGAAGTCATCGCTC-1,1
TGGGAAGTCGATAGAA-1,1
TGGGAAGTCTTCGAGA-1,2
TGGGCGTAGACTTGAA-1,1
TGGGCGTAGCTATGCT-1,2
TGGGCGTCAAGTTAAG-1,1
TGGGCGTCATTGCGGC-1,1
TGGGCGTGTGACAAAT-1,1
TGGGCGTTCCTCAACC-1,3
TGGGCGTTCTCCGGTT-1,2
TGGGCGTTCTTCAACT-1,2
TGGTTAGAGCTGCCCA-1,1
TGGTTAGCAAGCCGCT-1,1
TGGTTAGCACATGGGA-1,1
TGGTTAGCAGCCTTGG-1,1
TGGTTAGGTTACTGAC-1,1
TGGTTAGGTTCTGTTT-1,2
TGGTTAGTCCCTTGTG-1,1
TGGTTAGTCTATCCTA-1,1
TGGTTCCGTCCATGAT-1,2
TGGTTCCGTCCTCTTG-1,1
TGGTTCCGTCGGATCC-1,1
TGGTTCCGTGCCTTGG-1,1
TGGTTCCGTTATCGGT-1,3
TGGTTCCGTTCCATGA-1,2
TGGTTCCTCCAGAGGA-1,1
TGTATTCAGGCCCTCA-1,2
TGTATTCCACAGAGGT-1,4
TGTATTCCACTCGACG-1,2
TGTATTCCAGTTAACC-1,2
TGTATTCTCGGAGCAA-1,3
TGTCCCAAGAAGGTGA-1,1
TGTCCCAAGCGTAGTG-1,4
TGTCCCACAATGTAAG-1,1
TGTCCCACACTAAGTC-1,3
TGTCCCACATGGTCTA-1,2
TGTCCCAGTCGCTTTC-1,4
TGTCCCAGTTCCACTC-1,1
TGTGGTAAGGTGCTAG-1,3
TGTGGTACACAAGCCC-1,1
TGTGGTACAGTCCTTC-1,2
TGTGGTACAGTTAACC-1,1
TGTGGTAGTACCGCTG-1,4
TGTGGTAGTACCTACA-1,1
TGTGGTAGTATTCGTG-1,5
TGTGGTAGTCAGGACA-1,1
TGTGGTAGTCTAAAGA-1,4
TGTGGTAGTTACGACT-1,4
TGTGGTATCACGGTTA-1,2
TGTGGTATCTAAGCCA-1,1
TGTGTTTCACACAGAG-1,2
TGTGTTTCACCATGTA-1,2
TGTGTTTCACGGTGTC-1,2
TGTGTTTGTACCGTTA-1,1
TGTGTTTTCCGCGGTA-1,1
TGTGTTTTCGCCTGTT-1,2
TGTGTTTTCTGCAGTA-1,1
TGTTCCGAGAAGGTGA-1,1
TGTTCCGAGAGGTTAT-1,3
TGTTCCGAGCGCTCCA-1,2
TGTTCCGAGGGTTCCC-1,3
TGTTCCGCACGTCAGC-1,4
TGTTCCGCAGCATGAG-1,5
TGTTCCGCAGTAAGAT-1,4
TGTTCCGGTCTTTCAT-1,3
TGTTCCGTCCCTTGTG-1,1
TTAACTCAGAAGCCCA-1,1
TTAACTCAGCTAACAA-1,2
TTAACTCAGCTGTCTA-1,3
TTAACTCCAACACCTA-1,1
TTAACTCCAATGGAGC-1,4
TTAACTCCACTTACGA-1,2
TTAACTCCAGCTGTAT-1,2
TTAACTCGTATGAATG-1,2
TTAACTCGTCTGATTG-1,1
TTAACTCGTGACTCAT-1,5
TTAACTCGTGGTGTAG-1,3
TTAACTCTCACCGTAA-1,4
TTAACTCTCAGCTTAG-1,2
TTAACTCTCGGAGGTA-1,1
TTAGGACAGCGTAATA-1,4
TTAGGACAGTGTGGCA-1,2
TTAGGACTCAGCACAT-1,1
TTAGGACTCGTGACAT-1,1
TTAGGACTCTAACGGT-1,1
TTAGGCAAGCCGCCTA-1,2
TTAGGCAAGGGAACGG-1,1
TTAGGCAAGTTGCAGG-1,2
TTAGGCACAACGATGG-1,5
TTAGGCACAATCGGTT-1,1
TTAGGCACATGGGAAC-1,1
TTAGGCACATGTAGTC-1,2
TTAGGCAGTCTTCTCG-1,1
TTAGGCAGTGTGAAAT-1,1
TTAGGCAGTGTTGGGA-1,3
TTAGGCATCAGCGACC-1,1
TTAGGCATCCCATTTA-1,1
TTAGTTCAGACTCGGA-1,1
TTAGTTCCAAACCCAT-1,4
TTAGTTCCACGTCTCT-1,1
TTAGTTCCATCTGGTA-1,3
TTAGTTCCATGGTAGG-1,1
TTAGTTCCATGTAAGA-1,4
TTAGTTCGTACACCGC-1,1
TTAGTTCGTAGCGTCC-1,1
TTAGTTCGTCACTTCC-1,4
TTAGTTCGTTCCATGA-1,2
TTAGTTCTCAAGAAGT-1,4
TTAGTTCTCCCTAACC-1,4
TTAGTTCTCGCGATCG-1,1
TTATGCTAGAGATGAG-1,2
TTATGCTAGCAACGGT-1,2
TTATGCTAGGGAGTAA-1,2
TTATGCTAGGTGCAAC-1,1
TTATGCTAGTAGTGCG-1,2
TTATGCTCATCACAAC-1,4
TTATGCTCATTTCAGG-1,3
TTATGCTGTCTAGGTT-1,3
TTCCCAGAGAAGGTTT-1,1
TTCCCAGAGAGTCTGG-1,1
TTCCCAGAGCCAGAAC-1,1
TTCCCAGCAAAGTGCG-1,1
TTCCCAGCAATAGCGG-1,1
TTCCCAGCACCTATCC-1,3
TTCCCAGGTCTTTCAT-1,3
TTCCCAGGTTATCGGT-1,1
TTCCCAGTCACATGCA-1,2
TTCCCAGTCCTAGTGA-1,2
TTCCCAGTCTATCGCC-1,3
TTCCCAGTCTTGTACT-1,2
TTCGAAGAGATATGCA-1,1
TTCGAAGAGGGTCTCC-1,1
TTCGAAGCACAAGTAA-1,2
TTCGAAGCAGGGCATA-1,2
TTCGAAGGTACAAGTA-1,4
TTCGAAGGTATTACCG-1,1
TTCGAAGGTGAGGCTA-1,3
TTCGAAGGTTAAGACA-1,1
TTCGAAGTCTTCATGT-1,3
TTCGGTCAGAGCAATT-1,3
TTCGGTCAGCCACTAT-1,3
TTCGGTCAGCGTTCCG-1,1
TTCGGTCAGGTTACCT-1,1
TTCGGTCAGTGCAAGC-1,1
TTCGGTCAGTGTACTC-1,1
TTCGGTCCAGGGAGAG-1,2
TTCGGTCCATTGTGCA-1,2
TTCGGTCGTCGGATCC-1,3
TTCGGTCGTGCATCTA-1,2
TTCGGTCGTTGTCGCG-1,2
TTCGGTCTCCTGCAGG-1,4
TTCGGTCTCGTACGGC-1,3
TTCTACAGTCTCATCC-1,1
TTCTACAGTGACTCAT-1,1
TTCTACATCACCAGGC-1,4
TTCTACATCATTGCCC-1,3
TTCTACATCGCCTGTT-1,3
TTCTCAAAGCCAGTTT-1,1
TTCTCAAAGCTCCTCT-1,5
TTCTCAAAGTACGTAA-1,2
TTCTCAAAGTTGTCGT-1,1
TTCTCAACAGACAAAT-1,4
TTCTCAACAGGACCCT-1,1
TTCTCAACATTGTGCA-1,3
TTCTCAAGTCTAGCGC-1,2
TTCTCAAGTGGCTCCA-1,3
TTCTCAAGTTATCACG-1,3
TTCTCAATCGCATGGC-1,1
TTCTCCTAGACGCAAC-1,2
TTCTCCTAGCACCGCT-1,4
TTCTCCTAGCTAACTC-1,2
TTCTCCTAGTGATCGG-1,2
TTCTCCTCACAGATTC-1,2
TTCTCCTCACGTGAGA-1,2
TTCTCCTGTACAGCAG-1,4
TTCTCCTTCCGAATGT-1,1
TTCTCCTTCCGCGGTA-1,1
TTCTTAGAGACGCAAC-1,2
TTCTTAGAGATCTGAA-1,1
TTCTTAGAGGAGTTGC-1,1
TTCTTAGAGGCTCAGA-1,1
TTCTTAGCACATGTGT-1,2
TTCTTAGCAGAAGCAC-1,1
TTCTTAGCAGCTGCTG-1,2
TTCTTAGGTCAAAGCG-1,2
TTCTTAGGTTCACCTC-1,2
TTCTTAGTCACGCGGT-1,1
TTCTTAGTCCCAAGAT-1,2
TTCTTAGTCCCATTTA-1,4
TTCTTAGTCGTAGGTT-1,1
TTGAACGAGTCAAGGC-1,1
TTGAACGCAACTGGCC-1,1
TTGAACGCAGGAACGT-1,4
TTGAACGCAGTTCCCT-1,4
TTGAACGCATAACCTG-1,2
TTGAACGGTTCATGGT-1,3
TTGAACGTCAAGGCTT-1,4
TTGAACGTCCGTACAA-1,1
TTGACTTAGATGGGTC-1,2
TTGACTTAGCCGCCTA-1,1
TTGACTTAGTTGCAGG-1,1
TTGACTTGTAGCGTAG-1,1
TTGACTTTCAGGCGAA-1,3
TTGACTTTCATCTGCC-1,1
TTGACTTTCGTCCAGG-1,1
TTGACTTTCGTTGCCT-1,1
TTGCCGTAGTAACCCT-1,5
TTGCCGTCAGATCGGA-1,1
TTGCCGTCAGCGTAAG-1,1
TTGCCGTTCATCGCTC-1,4
TTGCCGTTCTGTCAAG-1,1
TTGCGTCAGACCCACC-1,3
TTGCGTCAGAGTCGGT-1,1
TTGCGTCAGCTAAACA-1,5
TTGCGTCAGTCATGCT-1,4
TTGCGTCCAAGCTGGA-1,1
TTGCGTCCAATAGCGG-1,4
TTGCGTCCACTTCTGC-1,1
TTGCGTCCATCCTTGC-1,2
TTGCGTCGTAATTGGA-1,1
TTGCGTCGTGGTCCGT-1,1
TTGCGTCTCTAACTTC-1,2
TTGCGTCTCTACCTGC-1,4
TTGCGTCTCTCGCTTG-1,1
TTGGAACCACTCTGTC-1,3
TTGGAACGTACCAGTT-1,1
TTGGAACGTCTTCGTC-1,3
TTGGAACTCGCATGAT-1,2
TTGGCAAAGACACTAA-1,4
TTGGCAAAGCAGGCTA-1,4
TTGGCAACAATGAAAC-1,1
TTGGCAACATACAGCT-1,4
TTGGCAACATTAGGCT-1,4
TTGGCAAGTACTCGCG-1,2
TTGGCAATCACCCTCA-1,1
TTGGCAATCACTCTTA-1,1
TTGGCAATCCACGCAG-1,4
TTGGCAATCTCCGGTT-1,1
TTGTAGGAGGATGCGT-1,3
TTGTAGGAGTACGCGA-1,2
TTGTAGGCAAGCTGTT-1,1
TTGTAGGCACCATCCT-1,7
TTGTAGGGTATAGGTA-1,2
TTGTAGGGTTGAACTC-1,3
TTTACTGAGCGTAATA-1,2
TTTACTGAGTACGTTC-1,4
TTTACTGCAAACCCAT-1,3
TTTACTGCAGTTAACC-1,1
TTTACTGCATCAGTAC-1,4
TTTACTGGTAGGAGTC-1,2
TTTACTGGTGGGTCAA-1,1
TTTACTGGTGTTAAGA-1,2
TTTACTGGTTATCGGT-1,4
TTTATGCAGATAGCAT-1,4
TTTATGCAGCAGACTG-1,3
TTTATGCAGCCACGCT-1,2
TTTATGCAGCCAGTTT-1,3
TTTATGCAGGATATAC-1,1
TTTATGCAGGCCCTTG-1,5
TTTATGCCACCAGGTC-1,3
TTTATGCGTACTCTCC-1,4
TTTATGCGTCTGGAGA-1,2
TTTCCTCAGTGACTCT-1,2
TTTCCTCAGTTAGGTA-1,3
TTTCCTCCAAATACAG-1,2
TTTCCTCCAATCTACG-1,1
TTTCCTCCATAGGATA-1,2
TTTCCTCGTGGACGAT-1,1
TTTCCTCGTTACCGAT-1,2
TTTCCTCTCACAATGC-1,1
TTTCCTCTCAGAGACG-1,1
TTTCCTCTCCGAACGC-1,3
TTTCCTCTCCGCGCAA-1,1
TTTGCGCAGGACACCA-1,2
TTTGCGCCATGCCTTC-1,1
TTTGCGCCATTTGCTT-1,1
TTTGCGCGTAATAGCA-1,3
TTTGCGCGTGTTCTTT-1,2
TTTGCGCTCAATCACG-1,1
TTTGCGCTCGATAGAA-1,1
TTTGCGCTCTCTTGAT-1,4
TTTGGTTAGGATGGTC-1,1
TTTGGTTCACTTAAGC-1,2
TTTGGTTCAGGACGTA-1,1
TTTGGTTCATGCCTAA-1,3
TTTGGTTCATTGGCGC-1,3
TTTGGTTGTTATCACG-1,1
TTTGGTTTCGCTAGCG-1,2
TTTGTCACACTTAACG-1,3
TTTGTCACAGGTCCAC-1,3
TTTGTCAGTTAAGACA-1,4
TTTGTCATCCCAAGAT-1,2
